Colony Prefix,Colony Name,Strain,Cohort Name,Pipeline,Gene Name,Mouse Name,Litter,Mouse,Genotype,Gender,Birth Date,Assay Date,Age In Weeks,Pil Holder,Weight,Nose To Tail Base Length,Bone Mineral Density,Bone Mineral Content,Bone Area,Lean Mass,Fat Mass,Est Total Tissue Mass,Fat Percentage Estimate,Full Strain,Core Strain
MBAU,Sparc Knockout First EPD0060_1_A07,C57BL/6J-Tyr<c-Brd>;C57BL/6NTac/Den;C57BL/6N,MBAU Mouse GP 20090318,Mouse GP,Sparc,MBAU44.1a,MBAU44,M00226962,Sparc/Sparc,Male,18-Mar-09,23-Jun-09,13.9,,32.8,10,0.0454,0.4421,9.73,18.31,14.19,32.5,43.65,C57BL/6J-Tyr<c-Brd>(31.25%);C57BL/6NTac/Den(37.5%);C57BL/6N(31.25%),B6JTyr;B6N
MBAU,Sparc Knockout First EPD0060_1_A07,C57BL/6J-Tyr<c-Brd>;C57BL/6NTac/Den;C57BL/6N,MBAU Mouse GP 20090318,Mouse GP,Sparc,MBAU44.1b,MBAU44,M00226963,Sparc/Sparc,Male,18-Mar-09,23-Jun-09,13.9,,38,10.2,,,,,,,,C57BL/6J-Tyr<c-Brd>(31.25%);C57BL/6NTac/Den(37.5%);C57BL/6N(31.25%),B6JTyr;B6N
MBAU,Sparc Knockout First EPD0060_1_A07,C57BL/6J-Tyr<c-Brd>;C57BL/6NTac/Den;C57BL/6N,MBAU Mouse GP 20090318,Mouse GP,Sparc,MBAU44.1c,MBAU44,M00226964,Sparc/Sparc,Male,18-Mar-09,23-Jun-09,13.9,,34.9,10,0.0471,0.5182,11,19.64,14.85,34.49,43.06,C57BL/6J-Tyr<c-Brd>(31.25%);C57BL/6NTac/Den(37.5%);C57BL/6N(31.25%),B6JTyr;B6N
MBAU,Sparc Knockout First EPD0060_1_A07,C57BL/6J-Tyr<c-Brd>;C57BL/6NTac/Den;C57BL/6N,MBAU Mouse GP 20090929,Mouse GP,Sparc,MBAU78.4a,MBAU78,M00354835,Sparc/Sparc,Male,29-Sep-09,06-Jan-10,14.1,,38.5,10.2,0.0483,0.4967,10.28,21.91,17.04,38.95,43.74,C57BL/6J-Tyr<c-Brd>(37.5%);C57BL/6NTac/Den(25%);C57BL/6N(37.5%),B6JTyr;B6N
MBAU,Sparc Knockout First EPD0060_1_A07,C57BL/6J-Tyr<c-Brd>;C57BL/6NTac/Den;C57BL/6N,MBAU Mouse GP 20090929,Mouse GP,Sparc,MBAU78.4b,MBAU78,M00354836,Sparc/Sparc,Male,29-Sep-09,06-Jan-10,14.1,,35.8,9.9,0.0486,0.4687,9.65,20.8,15.7,36.5,43,C57BL/6J-Tyr<c-Brd>(37.5%);C57BL/6NTac/Den(25%);C57BL/6N(37.5%),B6JTyr;B6N
MBAU,Sparc Knockout First EPD0060_1_A07,C57BL/6J-Tyr<c-Brd>;C57BL/6NTac/Den;C57BL/6N,MBAU Mouse GP 20090929,Mouse GP,Sparc,MBAU78.4c,MBAU78,M00354837,Sparc/Sparc,Male,29-Sep-09,06-Jan-10,14.1,,40.6,10.3,0.0483,0.4871,10.08,24.25,17.22,41.47,41.52,C57BL/6J-Tyr<c-Brd>(37.5%);C57BL/6NTac/Den(25%);C57BL/6N(37.5%),B6JTyr;B6N
MBAU,Sparc Knockout First EPD0060_1_A07,C57BL/6J-Tyr<c-Brd>;C57BL/6NTac/Den;C57BL/6N,MBAU Mouse GP 20091123,Mouse GP,Sparc,MBAU86.2a,MBAU86,M00405764,Sparc/Sparc,Male,23-Nov-09,01-Mar-10,14,,35.1,9.6,0.0465,0.4297,9.25,20.25,14.85,35.1,42.3,C57BL/6J-Tyr<c-Brd>(31.25%);C57BL/6NTac/Den(37.5%);C57BL/6N(31.25%),B6JTyr;B6N
MBAU,Sparc Knockout First EPD0060_1_A07,C57BL/6J-Tyr<c-Brd>;C57BL/6NTac/Den;C57BL/6N,MBAU Mouse GP 20091123,Mouse GP,Sparc,MBAU86.2c,MBAU86,M00405766,Sparc/Sparc,Male,23-Nov-09,01-Mar-10,14,,33.2,9.5,0.0465,0.4727,10.17,19.54,13.67,33.21,41.15,C57BL/6J-Tyr<c-Brd>(31.25%);C57BL/6NTac/Den(37.5%);C57BL/6N(31.25%),B6JTyr;B6N
MBAU,Sparc Knockout First EPD0060_1_A07,C57BL/6J-Tyr<c-Brd>;C57BL/6NTac/Den;C57BL/6N,MBAU Mouse GP 20091123,Mouse GP,Sparc,MBAU86.2d,MBAU86,M00405767,Sparc/Sparc,Male,23-Nov-09,01-Mar-10,14,,32.6,9.5,0.0444,0.3945,8.88,20.07,12.26,32.33,37.91,C57BL/6J-Tyr<c-Brd>(31.25%);C57BL/6NTac/Den(37.5%);C57BL/6N(31.25%),B6JTyr;B6N
MALA,Ccdc57 Knockout First EPD0037_3_D11,C57BL/6J-Tyr<c-Brd>;C57BL/6NTac/Den;C57BL/6N,MALA Mouse GP 20090125,Mouse GP,Ccdc57,MALA17.2a,MALA17,M00194355,+/+,Male,25-Jan-09,05-May-09,14.3,,37.1,10.2,0.0495,0.4837,9.78,20.25,17.67,37.92,46.6,C57BL/6J-Tyr<c-Brd>(25%);C57BL/6NTac/Den(50%);C57BL/6N(25%),B6JTyr;B6N
MALA,Ccdc57 Knockout First EPD0037_3_D11,C57BL/6J-Tyr<c-Brd>;C57BL/6NTac/Den;C57BL/6N,MALA Mouse GP 20090125,Mouse GP,Ccdc57,MALA17.2b,MALA17,M00194356,+/+,Male,25-Jan-09,05-May-09,14.3,,33.5,10.1,0.0462,0.4057,8.79,19.61,14.56,34.17,42.61,C57BL/6J-Tyr<c-Brd>(25%);C57BL/6NTac/Den(50%);C57BL/6N(25%),B6JTyr;B6N
MANH,Ampd3 Knockout First B02 - EPD0043_3,C57BL/6J-Tyr<c-Brd>;C57BL/6N,MANH Mouse GP 20090125,Mouse GP,Ampd3,MANH12.2e,MANH12,M00190572,+/+,Male,25-Jan-09,05-May-09,14.3,,35.6,10.4,0.0482,0.4774,9.91,21.64,14.46,36.1,40.06,C57BL/6J-Tyr<c-Brd>(50%);C57BL/6N(50%),B6JTyr;B6N
MANH,Ampd3 Knockout First B02 - EPD0043_3,C57BL/6J-Tyr<c-Brd>;C57BL/6N,MANH Mouse GP 20090125,Mouse GP,Ampd3,MANH12.2f,MANH12,M00190573,+/+,Male,25-Jan-09,05-May-09,14.3,,38.8,10.6,0.0548,0.5301,9.67,27.85,11.92,39.77,29.98,C57BL/6J-Tyr<c-Brd>(50%);C57BL/6N(50%),B6JTyr;B6N
MAOA,Yipf1 Knockout First F02 - EPD0046_2,C57BL/6J-Tyr<c-Brd>;C57BL/6NTac/Den;C57BL/6N,MAOA Mouse GP 20090129,Mouse GP,Yipf1,MAOA10.2d,MAOA10,M00191891,+/+,Male,28-Jan-09,07-May-09,14.1,,44.2,10.6,0.0481,0.4562,9.48,25.99,19.55,45.54,42.94,C57BL/6J-Tyr<c-Brd>(25%);C57BL/6NTac/Den(50%);C57BL/6N(25%),B6JTyr;B6N
MAOA,Yipf1 Knockout First F02 - EPD0046_2,C57BL/6J-Tyr<c-Brd>;C57BL/6NTac/Den;C57BL/6N,MAOA Mouse GP 20090129,Mouse GP,Yipf1,MAOA12.1a,MAOA12,M00191899,+/+,Male,29-Jan-09,07-May-09,14,,48.4,10.8,0.0535,0.5992,11.21,26.93,22.93,49.86,45.99,C57BL/6J-Tyr<c-Brd>(25%);C57BL/6NTac/Den(50%);C57BL/6N(25%),B6JTyr;B6N
MBFD,2010003O18Rik Knockout First EPD0029_1_G04,C57BL/6J-Tyr<c-Brd>;C57BL/6NTac/Den;C57BL/6N,MBFD Mouse GP 20090130,Mouse GP,Gatc,MBFD13.2b,MBFD13,M00191097,+/+,Male,29-Jan-09,08-May-09,14.1,,40.4,10.5,0.0487,0.524,10.75,22,19.49,41.49,46.97,C57BL/6J-Tyr<c-Brd>(25%);C57BL/6NTac/Den(50%);C57BL/6N(25%),B6JTyr;B6N
MBFD,2010003O18Rik Knockout First EPD0029_1_G04,C57BL/6J-Tyr<c-Brd>;C57BL/6NTac/Den;C57BL/6N,MBFD Mouse GP 20090130,Mouse GP,Gatc,MBFD13.2d,MBFD13,M00191099,+/+,Male,29-Jan-09,08-May-09,14.1,,40.3,10.4,0.052,0.5758,11.07,21.59,19.66,41.25,47.65,C57BL/6J-Tyr<c-Brd>(25%);C57BL/6NTac/Den(50%);C57BL/6N(25%),B6JTyr;B6N
MBFD,2010003O18Rik Knockout First EPD0029_1_G04,C57BL/6J-Tyr<c-Brd>;C57BL/6N,MBFD Mouse GP 20090130,Mouse GP,Gatc,MBFD25.2b,MBFD25,M00191131,+/+,Male,31-Jan-09,08-May-09,13.9,,41.3,10.3,0.0492,0.5396,10.97,22.52,19.83,42.35,46.83,C57BL/6J-Tyr<c-Brd>(50%);C57BL/6N(50%),B6JTyr;B6N
MBNZ,Spns2 Knockout First EPD0090_5_B04,C57BL/6J-Tyr<c-Brd>;C57BL/6N,MBNZ Mouse GP 20090131,Mouse GP,Spns2,MBNZ21.2a,MBNZ21,M00194276,+/+,Male,01-Feb-09,08-May-09,13.7,,42.7,10.7,0.0523,0.5576,10.66,27.08,16.81,43.89,38.29,C57BL/6J-Tyr<c-Brd>(50%);C57BL/6N(50%),B6JTyr;B6N
MBHU,Mgst3 Knockout First EPD0081_6_C05,C57BL/6J-Tyr<c-Brd>;C57BL/6N,MBHU Mouse GP 20090206,Mouse GP,Mgst3,MBHU16.1c,MBHU16,M00197552,+/+,Male,06-Feb-09,14-May-09,13.9,,37.6,10.3,0.0532,0.53,9.96,23.81,15.28,39.09,39.1,C57BL/6J-Tyr<c-Brd>(50%);C57BL/6N(50%),B6JTyr;B6N
MBHU,Mgst3 Knockout First EPD0081_6_C05,C57BL/6J-Tyr<c-Brd>;C57BL/6NTac/Den;C57BL/6N,MBHU Mouse GP 20090206,Mouse GP,Mgst3,MBHU17.1b,MBHU17,M00197561,+/+,Male,05-Feb-09,14-May-09,14,,37.1,10.3,0.0581,0.5698,9.81,25.27,12.96,38.23,33.91,C57BL/6J-Tyr<c-Brd>(25%);C57BL/6NTac/Den(50%);C57BL/6N(25%),B6JTyr;B6N
MBSD,Gap43 Knockout First EPD0116_3_E02,C57BL/6J-Tyr<c-Brd>;C57BL/6N,MBSD Mouse GP 20090207,Mouse GP,Gap43,MBSD18.1a,MBSD18,M00197439,+/+,Male,07-Feb-09,15-May-09,13.9,,36.5,10.6,0.0569,0.5818,10.22,24.59,12.71,37.3,34.08,C57BL/6J-Tyr<c-Brd>(50%);C57BL/6N(50%),B6JTyr;B6N
MBSD,Gap43 Knockout First EPD0116_3_E02,C57BL/6J-Tyr<c-Brd>;C57BL/6N,MBSD Mouse GP 20090207,Mouse GP,Gap43,MBSD19.1a,MBSD19,M00197443,+/+,Male,05-Feb-09,15-May-09,14.1,,44,10.9,0.0542,0.5979,11.03,24.78,20.06,44.84,44.74,C57BL/6J-Tyr<c-Brd>(50%);C57BL/6N(50%),B6JTyr;B6N
MBSD,Gap43 Knockout First EPD0116_3_E02,C57BL/6J-Tyr<c-Brd>;C57BL/6N,MBSD Mouse GP 20090207,Mouse GP,Gap43,MBSD19.1c,MBSD19,M00197445,+/+,Male,05-Feb-09,15-May-09,14.1,,40.5,10.7,0.0543,0.6029,11.1,24.4,17.06,41.46,41.14,C57BL/6J-Tyr<c-Brd>(50%);C57BL/6N(50%),B6JTyr;B6N
MBSD,Gap43 Knockout First EPD0116_3_E02,C57BL/6J-Tyr<c-Brd>;C57BL/6NTac/Den;C57BL/6N,MBSD Mouse GP 20090207,Mouse GP,Gap43,MBSD22.1a,MBSD22,M00197449,+/+,Male,08-Feb-09,15-May-09,13.7,,37.2,10.8,0.0552,0.5513,9.98,24.95,13.46,38.41,35.05,C57BL/6J-Tyr<c-Brd>(25%);C57BL/6NTac/Den(50%);C57BL/6N(25%),B6JTyr;B6N
MBSD,Gap43 Knockout First EPD0116_3_E02,C57BL/6J-Tyr<c-Brd>;C57BL/6NTac/Den;C57BL/6N,MBSD Mouse GP 20090207,Mouse GP,Gap43,MBSD22.1b,MBSD22,M00197450,+/+,Male,08-Feb-09,15-May-09,13.7,,32.2,10.4,0.0518,0.47,9.07,22.69,10.42,33.11,31.46,C57BL/6J-Tyr<c-Brd>(25%);C57BL/6NTac/Den(50%);C57BL/6N(25%),B6JTyr;B6N
MBCY,Polr1e Knockout First EPD0032_2_H06,C57BL/6J-Tyr<c-Brd>;C57BL/6N,MBCY Mouse GP 20090213,Mouse GP,Polr1e,MBCY46.1b,MBCY46,M00198343,+/+,Male,12-Feb-09,20-May-09,13.9,,41.1,10.6,0.0512,0.5498,10.74,23.88,17.92,41.8,42.87,C57BL/6J-Tyr<c-Brd>(50%);C57BL/6N(50%),B6JTyr;B6N
MBCY,Polr1e Knockout First EPD0032_2_H06,C57BL/6J-Tyr<c-Brd>;C57BL/6N,MBCY Mouse GP 20090213,Mouse GP,Polr1e,MBCY46.1d,MBCY46,M00198345,+/+,Male,12-Feb-09,20-May-09,13.9,,40.8,10.5,0.0511,0.5723,11.21,22.54,19.45,41.99,46.32,C57BL/6J-Tyr<c-Brd>(50%);C57BL/6N(50%),B6JTyr;B6N
MBCY,Polr1e Knockout First EPD0032_2_H06,C57BL/6J-Tyr<c-Brd>;C57BL/6N,MBCY Mouse GP 20090213,Mouse GP,Polr1e,MBCY47.1a,MBCY47,M00202077,+/+,Male,13-Feb-09,20-May-09,13.7,,40.9,10.6,0.055,0.6099,11.09,24.87,17.47,42.34,41.26,C57BL/6J-Tyr<c-Brd>(50%);C57BL/6N(50%),B6JTyr;B6N
MBCY,Polr1e Knockout First EPD0032_2_H06,C57BL/6J-Tyr<c-Brd>;C57BL/6NTac/Den;C57BL/6N,MBCY Mouse GP 20090213,Mouse GP,Polr1e,MBCY61.1f,MBCY61,M00202176,+/+,Male,13-Feb-09,20-May-09,13.7,,35.2,10.2,0.0483,0.4858,10.06,20.7,15.49,36.19,42.81,C57BL/6J-Tyr<c-Brd>(37.5%);C57BL/6NTac/Den(25%);C57BL/6N(37.5%),B6JTyr;B6N
MBHB,Necab2 Knockout First EPD0085_6_H06,C57BL/6J-Tyr<c-Brd>;C57BL/6N,MBHB Mouse GP 20090217,Mouse GP,Necab2,MBHB51.1c,MBHB51,M00202720,+/+,Male,16-Feb-09,26-May-09,14.1,,37.8,10.5,0.0548,0.5715,10.42,23.89,14.78,38.67,38.23,C57BL/6J-Tyr<c-Brd>(50%);C57BL/6N(50%),B6JTyr;B6N
MBHB,Necab2 Knockout First EPD0085_6_H06,C57BL/6J-Tyr<c-Brd>;C57BL/6N,MBHB Mouse GP 20090217,Mouse GP,Necab2,MBHB51.1e,MBHB51,M00202722,+/+,Male,16-Feb-09,26-May-09,14.1,,39.6,10.5,0.0539,0.6139,11.39,23.43,16.81,40.24,41.78,C57BL/6J-Tyr<c-Brd>(50%);C57BL/6N(50%),B6JTyr;B6N
MBMD,Prdx6 Knockout First EPD0103_3_A11,C57BL/6J-Tyr<c-Brd>;C57BL/6NTac/Den;C57BL/6N,MBMD Mouse GP 20090215,Mouse GP,Prdx6,MBMD28.2d,MBMD28,M00203083,+/+,Male,16-Feb-09,26-May-09,14.1,,39.9,10.2,0.0515,0.5362,10.42,22.84,18.23,41.07,44.38,C57BL/6J-Tyr<c-Brd>(25%);C57BL/6NTac/Den(50%);C57BL/6N(25%),B6JTyr;B6N
MBMD,Prdx6 Knockout First EPD0103_3_A11,C57BL/6J-Tyr<c-Brd>;C57BL/6NTac/Den;C57BL/6N,MBMD Mouse GP 20090215,Mouse GP,Prdx6,MBMD28.2e,MBMD28,M00203084,+/+,Male,16-Feb-09,26-May-09,14.1,,40.1,10.5,0.0537,0.5834,10.87,22.58,17.86,40.44,44.17,C57BL/6J-Tyr<c-Brd>(25%);C57BL/6NTac/Den(50%);C57BL/6N(25%),B6JTyr;B6N
MAIG,Phf20 Knockout First G07,C57BL/6J-Tyr<c-Brd>;C57BL/6N,MAIG Mouse GP 20090219,Mouse GP,Phf20,MAIG11.2b,MAIG11,M00204999,+/+,Male,19-Feb-09,27-May-09,13.9,,38.5,10.4,,,,,,,,C57BL/6J-Tyr<c-Brd>(50%);C57BL/6N(50%),B6JTyr;B6N
MAIG,Phf20 Knockout First G07,C57BL/6J-Tyr<c-Brd>;C57BL/6N,MAIG Mouse GP 20090219,Mouse GP,Phf20,MAIG16.2c,MAIG16,M00205014,+/+,Male,19-Feb-09,27-May-09,13.9,,46.3,10.8,0.0555,0.612,11.02,26.02,22.14,48.16,45.97,C57BL/6J-Tyr<c-Brd>(50%);C57BL/6N(50%),B6JTyr;B6N
MBDG,Ogfod1 Knocok First EPD0064_2_C12,C57BL/6J-Tyr<c-Brd>;C57BL/6NTac/Den;C57BL/6N,MBDG Mouse GP 20090219,Mouse GP,Ogfod1,MBDG20.1c,MBDG20,M00207104,+/+,Male,22-Feb-09,28-May-09,13.6,,38.9,10.2,0.0549,0.5666,10.33,24.81,13.96,38.77,36,C57BL/6J-Tyr<c-Brd>(25%);C57BL/6NTac/Den(50%);C57BL/6N(25%),B6JTyr;B6N
MBDG,Ogfod1 Knocok First EPD0064_2_C12,C57BL/6J-Tyr<c-Brd>;C57BL/6NTac/Den;C57BL/6N,MBDG Mouse GP 20090219,Mouse GP,Ogfod1,MBDG26.1a,MBDG26,M00207129,+/+,Male,18-Feb-09,28-May-09,14.1,,41.7,10.7,0.0559,0.618,11.05,24.59,18.32,42.91,42.69,C57BL/6J-Tyr<c-Brd>(37.5%);C57BL/6NTac/Den(25%);C57BL/6N(37.5%),B6JTyr;B6N
MBHN,Eif4e3 knockout First EPD0081_5_C11,C57BL/6J-Tyr<c-Brd>;C57BL/6N,MBHN Mouse GP 20090224,Mouse GP,Eif4e3,MBHN25.1a,MBHN25,M00208251,+/+,Male,24-Feb-09,01-Jun-09,13.9,,40.6,10.4,0.0503,0.5686,11.32,21.92,19.54,41.46,47.13,C57BL/6J-Tyr<c-Brd>(50%);C57BL/6N(50%),B6JTyr;B6N
MBHN,Eif4e3 knockout First EPD0081_5_C11,C57BL/6J-Tyr<c-Brd>;C57BL/6N,MBHN Mouse GP 20090224,Mouse GP,Eif4e3,MBHN25.1e,MBHN25,M00208255,+/+,Male,24-Feb-09,01-Jun-09,13.9,,40.8,10.2,0.0479,0.5287,11.03,20.56,20.46,41.02,49.88,C57BL/6J-Tyr<c-Brd>(50%);C57BL/6N(50%),B6JTyr;B6N
MBMY,Plbd1 Knockout Frist EPD0098_5_H10,C57BL/6J-Tyr<c-Brd>;C57BL/6N,MBMY Mouse GP 20090226,Mouse GP,Plbd1,MBMY17.1a,MBMY17,M00213559,+/+,Male,26-Feb-09,02-Jun-09,13.7,,37.6,10.4,0.0535,0.4771,8.92,25.01,12.78,37.79,33.82,C57BL/6J-Tyr<c-Brd>(50%);C57BL/6N(50%),B6JTyr;B6N
MBMY,Plbd1 Knockout Frist EPD0098_5_H10,C57BL/6J-Tyr<c-Brd>;C57BL/6N,MBMY Mouse GP 20090226,Mouse GP,Plbd1,MBMY17.1c,MBMY17,M00213561,+/+,Male,26-Feb-09,02-Jun-09,13.7,,35.8,10.6,0.0559,0.5058,9.05,24.85,11.14,35.99,30.95,C57BL/6J-Tyr<c-Brd>(50%);C57BL/6N(50%),B6JTyr;B6N
MBPZ,Farp2 Knockout First EPD0099_4_D09,C57BL/6J-Tyr<c-Brd>;C57BL/6N,MBPZ Mouse GP 20090226,Mouse GP,Farp2,MBPZ16.1d,MBPZ16,M00213359,+/+,Male,26-Feb-09,03-Jun-09,13.9,,32.4,10.3,0.0538,0.548,10.18,23.27,9.13,32.4,28.18,C57BL/6J-Tyr<c-Brd>(50%);C57BL/6N(50%),B6JTyr;B6N
MBPZ,Farp2 Knockout First EPD0099_4_D09,C57BL/6J-Tyr<c-Brd>;C57BL/6N,MBPZ Mouse GP 20090226,Mouse GP,Farp2,MBPZ17.1b,MBPZ17,M00213373,+/+,Male,26-Feb-09,03-Jun-09,13.9,,40,10.5,0.0552,0.5522,10.01,24.73,16.23,40.96,39.62,C57BL/6J-Tyr<c-Brd>(50%);C57BL/6N(50%),B6JTyr;B6N
MBPZ,Farp2 Knockout First EPD0099_4_D09,C57BL/6J-Tyr<c-Brd>;C57BL/6N,MBPZ Mouse GP 20090226,Mouse GP,Farp2,MBPZ18.1c,MBPZ18,M00213386,+/+,Male,26-Feb-09,03-Jun-09,13.9,,32.6,10.7,0.0553,0.5239,9.47,24.13,9.16,33.29,27.51,C57BL/6J-Tyr<c-Brd>(50%);C57BL/6N(50%),B6JTyr;B6N
MBPZ,Farp2 Knockout First EPD0099_4_D09,C57BL/6J-Tyr<c-Brd>;C57BL/6N,MBPZ Mouse GP 20090226,Mouse GP,Farp2,MBPZ21.1a,MBPZ21,M00211135,+/+,Male,27-Feb-09,03-Jun-09,13.7,,35.6,10.6,0.0547,0.5422,9.91,24.76,11.39,36.15,31.51,C57BL/6J-Tyr<c-Brd>(50%);C57BL/6N(50%),B6JTyr;B6N
MAAR,Brpf3 Knockout First E04,C57BL/6J-Tyr<c-Brd>;C57BL/6N,MAAR Mouse GP 20090304,Mouse GP,Brpf3,MAAR30.1b,MAAR30,M00220037,+/+,Male,03-Mar-09,10-Jun-09,14.1,,40.4,10.7,0.0513,0.5219,10.17,24.17,16.14,40.31,40.03,C57BL/6J-Tyr<c-Brd>(50%);C57BL/6N(50%),B6JTyr;B6N
MAAR,Brpf3 Knockout First E04,C57BL/6J-Tyr<c-Brd>;C57BL/6NTac/Den;C57BL/6N,MAAR Mouse GP 20090304,Mouse GP,Brpf3,MAAR34.1c,MAAR34,M00212077,+/+,Male,05-Mar-09,10-Jun-09,13.9,,43.6,10.8,0.0575,0.5956,10.36,26.23,17.66,43.89,40.23,C57BL/6J-Tyr<c-Brd>(25%);C57BL/6NTac/Den(50%);C57BL/6N(25%),B6JTyr;B6N
MBGX,Mcph1 Knockout First EPD0080_2_A02,C57BL/6J-Tyr<c-Brd>;C57BL/6N,MBGX Mouse GP 20090305,Mouse GP,Mcph1,MBGX44.1c,MBGX44,M00213416,+/+,Male,05-Mar-09,11-Jun-09,14,,40.3,10.4,0.0494,0.5231,10.58,22.58,17.8,40.38,44.09,C57BL/6J-Tyr<c-Brd>(50%);C57BL/6N(50%),B6JTyr;B6N
MBGX,Mcph1 Knockout First EPD0080_2_A02,C57BL/6J-Tyr<c-Brd>;C57BL/6N,MBGX Mouse GP 20090305,Mouse GP,Mcph1,MBGX53.1b,MBGX53,M00213431,+/+,Male,06-Mar-09,11-Jun-09,13.9,,37.9,10.3,0.0514,0.5194,10.11,24.43,12.97,37.4,34.68,C57BL/6J-Tyr<c-Brd>(50%);C57BL/6N(50%),B6JTyr;B6N
MAMV,Zzz3 Knockout First EPD0058_3_B01,C57BL/6J-Tyr<c-Brd>;C57BL/6N,MAMV Mouse GP 20090306,Mouse GP,Zzz3,MAMV28.1a,MAMV28,M00216998,+/+,Male,06-Mar-09,11-Jun-09,13.9,,46.7,10.5,0.0517,0.5614,10.85,26.47,21.15,47.62,44.42,C57BL/6J-Tyr<c-Brd>(50%);C57BL/6N(50%),B6JTyr;B6N
MAMV,Zzz3 Knockout First EPD0058_3_B01,C57BL/6J-Tyr<c-Brd>;C57BL/6N,MAMV Mouse GP 20090306,Mouse GP,Zzz3,MAMV29.1a,MAMV29,M00217004,+/+,Male,06-Mar-09,11-Jun-09,13.9,,45.3,10.6,0.0478,0.4454,9.32,25.9,20.61,46.51,44.32,C57BL/6J-Tyr<c-Brd>(50%);C57BL/6N(50%),B6JTyr;B6N
MAMV,Zzz3 Knockout First EPD0058_3_B01,C57BL/6J-Tyr<c-Brd>;C57BL/6N,MAMV Mouse GP 20090306,Mouse GP,Zzz3,MAMV29.1b,MAMV29,M00217005,+/+,Male,06-Mar-09,11-Jun-09,13.9,,41.2,10.3,0.0498,0.5311,10.66,22.16,19.85,42,47.25,C57BL/6J-Tyr<c-Brd>(50%);C57BL/6N(50%),B6JTyr;B6N
MAMV,Zzz3 Knockout First EPD0058_3_B01,C57BL/6J-Tyr<c-Brd>;C57BL/6N,MAMV Mouse GP 20090306,Mouse GP,Zzz3,MAMV30.1a,MAMV30,M00217012,+/+,Male,08-Mar-09,11-Jun-09,13.6,,43.8,10.6,0.0517,0.4596,8.89,26.06,18.35,44.41,41.31,C57BL/6J-Tyr<c-Brd>(50%);C57BL/6N(50%),B6JTyr;B6N
MBLK,Mis18bp1 Knockout First EPD0103_2_B05,C57BL/6J-Tyr<c-Brd>;C57BL/6N,MBLK Mouse GP 20090309,Mouse GP,Mis18bp1,MBLK35.1b,MBLK35,M00219792,+/+,Male,09-Mar-09,16-Jun-09,14.1,,38.8,10.4,0.0483,0.4859,10.05,20.79,18.6,39.39,47.21,C57BL/6J-Tyr<c-Brd>(50%);C57BL/6N(50%),B6JTyr;B6N
MBLK,Mis18bp1 Knockout First EPD0103_2_B05,C57BL/6J-Tyr<c-Brd>;C57BL/6N,MBLK Mouse GP 20090309,Mouse GP,Mis18bp1,MBLK35.1e,MBLK35,M00219795,+/+,Male,09-Mar-09,16-Jun-09,14.1,,40.3,10.6,0.049,0.5148,10.5,22.2,18.78,40.98,45.82,C57BL/6J-Tyr<c-Brd>(50%);C57BL/6N(50%),B6JTyr;B6N
MBKW,Nsun2 Knockout First EPD0105_2_F10,C57BL/6J-Tyr<c-Brd>;C57BL/6NTac/Den;C57BL/6N,NTAC & CALB Mouse GP 20090310,Mouse GP,Nsun2,MBKW27.1a,MBKW27,M00219976,+/+,Male,10-Mar-09,17-Jun-09,14.1,,33.7,10.1,0.0475,0.4491,9.46,20.13,13.53,33.66,40.19,C57BL/6J-Tyr<c-Brd>(37.5%);C57BL/6NTac/Den(25%);C57BL/6N(37.5%),B6JTyr;B6N
MBKW,Nsun2 Knockout First EPD0105_2_F10,C57BL/6J-Tyr<c-Brd>;C57BL/6NTac/Den;C57BL/6N,NTAC & CALB Mouse GP 20090310,Mouse GP,Nsun2,MBKW28.1b,MBKW28,M00219985,+/+,Male,10-Mar-09,17-Jun-09,14.1,,38.1,10.1,0.0469,0.457,9.74,20.29,18.53,38.82,47.74,C57BL/6J-Tyr<c-Brd>(37.5%);C57BL/6NTac/Den(25%);C57BL/6N(37.5%),B6JTyr;B6N
MBKW,Nsun2 Knockout First EPD0105_2_F10,C57BL/6J-Tyr<c-Brd>;C57BL/6NTac/Den;C57BL/6N,NTAC & CALB Mouse GP 20090310,Mouse GP,Nsun2,MBKW28.1c,MBKW28,M00219986,+/+,Male,10-Mar-09,17-Jun-09,14.1,,38.4,10.2,0.0481,0.5141,10.69,19.94,18.93,38.87,48.71,C57BL/6J-Tyr<c-Brd>(37.5%);C57BL/6NTac/Den(25%);C57BL/6N(37.5%),B6JTyr;B6N
MBKW,Nsun2 Knockout First EPD0105_2_F10,C57BL/6J-Tyr<c-Brd>;C57BL/6NTac/Den;C57BL/6N,NTAC & CALB Mouse GP 20090310,Mouse GP,Nsun2,MBKW34.1d,MBKW34,M00220028,+/+,Male,10-Mar-09,17-Jun-09,14.1,,36.2,9.9,0.0461,0.5071,11.01,19.32,17.02,36.34,46.83,C57BL/6J-Tyr<c-Brd>(37.5%);C57BL/6NTac/Den(25%);C57BL/6N(37.5%),B6JTyr;B6N
MBKW,Nsun2 Knockout First EPD0105_2_F10,C57BL/6J-Tyr<c-Brd>;C57BL/6N,NTAC & CALB Mouse GP 20090310,Mouse GP,Nsun2,MBKW22.1a,MBKW22,M00219937,+/+,Male,10-Mar-09,17-Jun-09,14.1,,44.2,10.7,0.0553,0.5574,10.08,24.39,17.22,41.61,41.39,C57BL/6J-Tyr<c-Brd>(50%);C57BL/6N(50%),B6JTyr;B6N
MBKW,Nsun2 Knockout First EPD0105_2_F10,C57BL/6J-Tyr<c-Brd>;C57BL/6NTac/Den;C57BL/6N,NTAC & CALB Mouse GP 20090310,Mouse GP,Nsun2,MBKW24.1c,MBKW24,M00219973,+/+,Male,10-Mar-09,17-Jun-09,14.1,,38.7,10.2,0.0489,0.4664,9.55,21.62,14.53,36.15,40.19,C57BL/6J-Tyr<c-Brd>(25%);C57BL/6NTac/Den(50%);C57BL/6N(25%),B6JTyr;B6N
MBKW,Nsun2 Knockout First EPD0105_2_F10,C57BL/6J-Tyr<c-Brd>;C57BL/6NTac/Den;C57BL/6N,NTAC & CALB Mouse GP 20090310,Mouse GP,Nsun2,MBKW34.1c,MBKW34,M00220027,+/+,Male,10-Mar-09,17-Jun-09,14.1,,38.7,10.1,0.0527,0.5211,9.9,23.12,13.56,36.68,36.96,C57BL/6J-Tyr<c-Brd>(37.5%);C57BL/6NTac/Den(25%);C57BL/6N(37.5%),B6JTyr;B6N
MBKW,Nsun2 Knockout First EPD0105_2_F10,C57BL/6J-Tyr<c-Brd>;C57BL/6NTac/Den;C57BL/6N,NTAC & CALB Mouse GP 20090310,Mouse GP,Nsun2,MBKW35.1c,MBKW35,M00220063,+/+,Male,10-Mar-09,17-Jun-09,14.1,,41.4,10.6,0.0485,0.5316,10.97,21.86,20.11,41.97,47.92,C57BL/6J-Tyr<c-Brd>(25%);C57BL/6NTac/Den(50%);C57BL/6N(25%),B6JTyr;B6N
MALX,Ints12 Knockout First EPD0058_2_E04,C57BL/6J-Tyr<c-Brd>;C57BL/6NTac/Den;C57BL/6N,NTAC & CALB Mouse GP 20090319,Mouse GP,Ints12,MALX42.1a,MALX42,M00224201,+/+,Male,19-Mar-09,25-Jun-09,14,,39.8,10.6,0.0518,0.5765,11.12,26.53,12.96,39.49,32.82,C57BL/6J-Tyr<c-Brd>(25%);C57BL/6NTac/Den(50%);C57BL/6N(25%),B6JTyr;B6N
MALX,Ints12 Knockout First EPD0058_2_E04,C57BL/6J-Tyr<c-Brd>;C57BL/6NTac/Den;C57BL/6N,NTAC & CALB Mouse GP 20090319,Mouse GP,Ints12,MALX47.1a,MALX47,M00224227,+/+,Male,18-Mar-09,25-Jun-09,14.1,,40.5,10.6,0.0517,0.5411,10.46,24.19,16.17,40.36,40.07,C57BL/6J-Tyr<c-Brd>(18.75%);C57BL/6NTac/Den(62.5%);C57BL/6N(18.75%),B6JTyr;B6N
MALX,Ints12 Knockout First EPD0058_2_E04,C57BL/6J-Tyr<c-Brd>;C57BL/6NTac/Den;C57BL/6N,NTAC & CALB Mouse GP 20090319,Mouse GP,Ints12,MALX50.1c,MALX50,M00224256,+/+,Male,19-Mar-09,25-Jun-09,14,,36.5,10.5,0.0541,0.5293,9.76,23.89,12.65,36.54,34.62,C57BL/6J-Tyr<c-Brd>(12.5%);C57BL/6NTac/Den(75%);C57BL/6N(12.5%),B6JTyr;B6N
MALX,Ints12 Knockout First EPD0058_2_E04,C57BL/6J-Tyr<c-Brd>;C57BL/6NTac/Den;C57BL/6N,NTAC & CALB Mouse GP 20090319,Mouse GP,Ints12,MALX50.1d,MALX50,M00224257,+/+,Male,19-Mar-09,25-Jun-09,14,,38,10.4,0.0544,0.5289,9.73,25.29,12.35,37.64,32.81,C57BL/6J-Tyr<c-Brd>(12.5%);C57BL/6NTac/Den(75%);C57BL/6N(12.5%),B6JTyr;B6N
MBAU,Sparc Knockout First EPD0060_1_A07,C57BL/6J-Tyr<c-Brd>;C57BL/6NTac/Den;C57BL/6N,NTAC & CALB Mouse GP 20090319,Mouse GP,Sparc,MBAU47.1a,MBAU47,M00226970,+/+,Male,18-Mar-09,25-Jun-09,14.1,,38.6,10.2,0.0473,0.5186,10.97,19.38,19.27,38.65,49.86,C57BL/6J-Tyr<c-Brd>(25%);C57BL/6NTac/Den(50%);C57BL/6N(25%),B6JTyr;B6N
MBAU,Sparc Knockout First EPD0060_1_A07,C57BL/6J-Tyr<c-Brd>;C57BL/6NTac/Den;C57BL/6N,NTAC & CALB Mouse GP 20090319,Mouse GP,Sparc,MBAU47.1b,MBAU47,M00226971,+/+,Male,18-Mar-09,25-Jun-09,14.1,,38.6,10.2,0.0472,0.5248,11.12,18.89,19.89,38.78,51.28,C57BL/6J-Tyr<c-Brd>(25%);C57BL/6NTac/Den(50%);C57BL/6N(25%),B6JTyr;B6N
MBAU,Sparc Knockout First EPD0060_1_A07,C57BL/6J-Tyr<c-Brd>;C57BL/6NTac/Den;C57BL/6N,NTAC & CALB Mouse GP 20090319,Mouse GP,Sparc,MBAU47.1d,MBAU47,M00226973,+/+,Male,18-Mar-09,25-Jun-09,14.1,,40.1,10.3,0.0474,0.5032,10.62,20.88,18.92,39.8,47.54,C57BL/6J-Tyr<c-Brd>(25%);C57BL/6NTac/Den(50%);C57BL/6N(25%),B6JTyr;B6N
MBAU,Sparc Knockout First EPD0060_1_A07,C57BL/6J-Tyr<c-Brd>;C57BL/6NTac/Den;C57BL/6N,NTAC & CALB Mouse GP 20090319,Mouse GP,Sparc,MBAU47.1f,MBAU47,M00226975,+/+,Male,18-Mar-09,25-Jun-09,14.1,,37.7,10,0.0464,0.4702,10.12,19.19,18.68,37.87,49.33,C57BL/6J-Tyr<c-Brd>(25%);C57BL/6NTac/Den(50%);C57BL/6N(25%),B6JTyr;B6N
MAKV,Stx8 Knockout First EPD0038_2_A04,C57BL/6J-Tyr<c-Brd>;C57BL/6NTac/Den;C57BL/6N,NTAC & CALB Mouse GP 20090324,Mouse GP,Stx8,MAKV16.2a,MAKV16,M00232744,+/+,Male,23-Mar-09,29-Jun-09,14,,38.3,10.2,0.0471,0.5171,10.97,20.44,18.17,38.61,47.07,C57BL/6J-Tyr<c-Brd>(25%);C57BL/6NTac/Den(50%);C57BL/6N(25%),B6JTyr;B6N
MAKV,Stx8 Knockout First EPD0038_2_A04,C57BL/6J-Tyr<c-Brd>;C57BL/6NTac/Den;C57BL/6N,NTAC & CALB Mouse GP 20090324,Mouse GP,Stx8,MAKV16.2b,MAKV16,M00232745,+/+,Male,23-Mar-09,29-Jun-09,14,,35.9,10.3,0.0483,0.4983,10.32,20.03,16.13,36.16,44.61,C57BL/6J-Tyr<c-Brd>(25%);C57BL/6NTac/Den(50%);C57BL/6N(25%),B6JTyr;B6N
MAKV,Stx8 Knockout First EPD0038_2_A04,C57BL/6J-Tyr<c-Brd>;C57BL/6NTac/Den;C57BL/6N,NTAC & CALB Mouse GP 20090324,Mouse GP,Stx8,MAKV16.2c,MAKV16,M00232746,+/+,Male,23-Mar-09,29-Jun-09,14,,34.4,10.2,0.0465,0.4627,9.96,17.55,17.02,34.57,49.22,C57BL/6J-Tyr<c-Brd>(25%);C57BL/6NTac/Den(50%);C57BL/6N(25%),B6JTyr;B6N
MAKV,Stx8 Knockout First EPD0038_2_A04,C57BL/6J-Tyr<c-Brd>;C57BL/6NTac/Den;C57BL/6N,NTAC & CALB Mouse GP 20090324,Mouse GP,Stx8,MAKV16.2d,MAKV16,M00232747,+/+,Male,23-Mar-09,29-Jun-09,14,,34.2,10.2,0.0461,0.4326,9.39,20.04,13.96,34,41.07,C57BL/6J-Tyr<c-Brd>(25%);C57BL/6NTac/Den(50%);C57BL/6N(25%),B6JTyr;B6N
MBMV,Nipa1 Knockout First EPD0094_4_B01,C57BL/6J-Tyr<c-Brd>;C57BL/6N,NTAC & CALB Mouse GP 20090324,Mouse GP,Nipa1,MBMV15.1b,MBMV15,M00232235,+/+,Male,25-Mar-09,29-Jun-09,13.7,,42.7,10.4,0.0529,0.6048,11.44,24.07,18.48,42.55,43.43,C57BL/6J-Tyr<c-Brd>(50%);C57BL/6N(50%),B6JTyr;B6N
MBMV,Nipa1 Knockout First EPD0094_4_B01,C57BL/6J-Tyr<c-Brd>;C57BL/6N,NTAC & CALB Mouse GP 20090324,Mouse GP,Nipa1,MBMV15.1d,MBMV15,M00232237,+/+,Male,25-Mar-09,29-Jun-09,13.7,,46.9,10.8,0.0522,0.5987,11.46,26.42,20.49,46.91,43.67,C57BL/6J-Tyr<c-Brd>(50%);C57BL/6N(50%),B6JTyr;B6N
MBMV,Nipa1 Knockout First EPD0094_4_B01,C57BL/6J-Tyr<c-Brd>;C57BL/6NTac/Den;C57BL/6N,NTAC & CALB Mouse GP 20090324,Mouse GP,Nipa1,MBMV18.1a,MBMV18,M00232246,+/+,Male,24-Mar-09,29-Jun-09,13.9,,42,10.6,0.0521,0.5564,10.67,23.38,18.39,41.77,44.02,C57BL/6J-Tyr<c-Brd>(37.5%);C57BL/6NTac/Den(25%);C57BL/6N(37.5%),B6JTyr;B6N
MBMV,Nipa1 Knockout First EPD0094_4_B01,C57BL/6J-Tyr<c-Brd>;C57BL/6NTac/Den;C57BL/6N,NTAC & CALB Mouse GP 20090324,Mouse GP,Nipa1,MBMV18.1c,MBMV18,M00232248,+/+,Male,24-Mar-09,29-Jun-09,13.9,,41.1,10.4,0.0503,0.5222,10.38,22.49,18.99,41.48,45.78,C57BL/6J-Tyr<c-Brd>(37.5%);C57BL/6NTac/Den(25%);C57BL/6N(37.5%),B6JTyr;B6N
MBFZ,Cntfr Knockout First EPD0046_1_A07,C57BL/6J-Tyr<c-Brd>;C57BL/6NTac/Den;C57BL/6N,NTAC & CALB Mouse GP 20090331,Mouse GP,Cntfr,MBFZ12.2c,MBFZ12,M00237142,+/+,Male,31-Mar-09,06-Jul-09,13.9,,40.9,10.3,0.05,0.5517,11.04,21.61,20.68,42.29,48.91,C57BL/6J-Tyr<c-Brd>(25%);C57BL/6NTac/Den(50%);C57BL/6N(25%),B6JTyr;B6N
MBFZ,Cntfr Knockout First EPD0046_1_A07,C57BL/6J-Tyr<c-Brd>;C57BL/6NTac/Den;C57BL/6N,NTAC & CALB Mouse GP 20090331,Mouse GP,Cntfr,MBFZ13.2b,MBFZ13,M00237179,+/+,Male,31-Mar-09,06-Jul-09,13.9,,35.2,10,0.0496,0.472,9.52,20.66,15.01,35.67,42.07,C57BL/6J-Tyr<c-Brd>(25%);C57BL/6NTac/Den(50%);C57BL/6N(25%),B6JTyr;B6N
MBFZ,Cntfr Knockout First EPD0046_1_A07,C57BL/6J-Tyr<c-Brd>;C57BL/6NTac/Den;C57BL/6N,NTAC & CALB Mouse GP 20090331,Mouse GP,Cntfr,MBFZ13.2d,MBFZ13,M00237181,+/+,Male,31-Mar-09,06-Jul-09,13.9,,40,10.3,0.048,0.4432,9.22,21.76,19.31,41.07,47.01,C57BL/6J-Tyr<c-Brd>(25%);C57BL/6NTac/Den(50%);C57BL/6N(25%),B6JTyr;B6N
MBFZ,Cntfr Knockout First EPD0046_1_A07,C57BL/6J-Tyr<c-Brd>;C57BL/6NTac/Den;C57BL/6N,NTAC & CALB Mouse GP 20090331,Mouse GP,Cntfr,MBFZ13.2e,MBFZ13,M00237182,+/+,Male,31-Mar-09,06-Jul-09,13.9,,37.1,10.2,0.0516,0.4949,9.6,22.47,15.41,37.88,40.67,C57BL/6J-Tyr<c-Brd>(25%);C57BL/6NTac/Den(50%);C57BL/6N(25%),B6JTyr;B6N
MADG,Crlf3 Knockout First C11 - EPD0033_3,C57BL/6J-Tyr<c-Brd>;C57BL/6NTac/Den;C57BL/6N,NTAC & CALB Mouse GP 20090331,Mouse GP,Crlf3,MADG17.2a,MADG17,M00236907,+/+,Male,02-Apr-09,07-Jul-09,13.7,,39.9,10.3,0.0467,0.4683,10.02,21.45,18.62,40.07,46.47,C57BL/6J-Tyr<c-Brd>(25%);C57BL/6NTac/Den(50%);C57BL/6N(25%),B6JTyr;B6N
MADG,Crlf3 Knockout First C11 - EPD0033_3,C57BL/6J-Tyr<c-Brd>;C57BL/6NTac/Den;C57BL/6N,NTAC & CALB Mouse GP 20090331,Mouse GP,Crlf3,MADG17.2b,MADG17,M00236908,+/+,Male,02-Apr-09,07-Jul-09,13.7,,43.8,10.5,0.0495,0.5498,11.11,24.09,19.77,43.86,45.08,C57BL/6J-Tyr<c-Brd>(25%);C57BL/6NTac/Den(50%);C57BL/6N(25%),B6JTyr;B6N
MADG,Crlf3 Knockout First C11 - EPD0033_3,C57BL/6J-Tyr<c-Brd>;C57BL/6NTac/Den;C57BL/6N,NTAC & CALB Mouse GP 20090331,Mouse GP,Crlf3,MADG17.2c,MADG17,M00236909,+/+,Male,02-Apr-09,07-Jul-09,13.7,,39.9,10.5,0.0484,0.5326,11,20.79,19.09,39.88,47.87,C57BL/6J-Tyr<c-Brd>(25%);C57BL/6NTac/Den(50%);C57BL/6N(25%),B6JTyr;B6N
MADG,Crlf3 Knockout First C11 - EPD0033_3,C57BL/6J-Tyr<c-Brd>;C57BL/6NTac/Den;C57BL/6N,NTAC & CALB Mouse GP 20090331,Mouse GP,Crlf3,MADG17.2d,MADG17,M00236910,+/+,Male,02-Apr-09,07-Jul-09,13.7,,40.9,10.5,0.05,0.5404,10.82,22.69,17.77,40.46,43.91,C57BL/6J-Tyr<c-Brd>(25%);C57BL/6NTac/Den(50%);C57BL/6N(25%),B6JTyr;B6N
MBTT,Gif Knockout First EPD0099_4_B07,C57BL/6J-Tyr<c-Brd>;C57BL/6N,NTAC & CALB Mouse GP 20090405,Mouse GP,Gif,MBTT16.1b,MBTT16,M00241266,+/+,Male,05-Apr-09,14-Jul-09,14.3,,36.3,10.2,0.0495,0.48,9.7,21.67,14.95,36.62,40.82,C57BL/6J-Tyr<c-Brd>(50%);C57BL/6N(50%),B6JTyr;B6N
MBTT,Gif Knockout First EPD0099_4_B07,C57BL/6J-Tyr<c-Brd>;C57BL/6N,NTAC & CALB Mouse GP 20090405,Mouse GP,Gif,MBTT19.1c,MBTT19,M00241305,+/+,Male,05-Apr-09,14-Jul-09,14.3,,39.8,10.2,0.053,0.4997,9.42,23.5,17.52,41.02,42.71,C57BL/6J-Tyr<c-Brd>(50%);C57BL/6N(50%),B6JTyr;B6N
MBTT,Gif Knockout First EPD0099_4_B07,C57BL/6J-Tyr<c-Brd>;C57BL/6N,NTAC & CALB Mouse GP 20090405,Mouse GP,Gif,MBTT22.1a,MBTT22,M00241286,+/+,Male,07-Apr-09,14-Jul-09,14,,39.6,10,0.0499,0.5343,10.7,20.04,19.99,40.03,49.94,C57BL/6J-Tyr<c-Brd>(50%);C57BL/6N(50%),B6JTyr;B6N
MBTT,Gif Knockout First EPD0099_4_B07,C57BL/6J-Tyr<c-Brd>;C57BL/6N,NTAC & CALB Mouse GP 20090405,Mouse GP,Gif,MBTT22.1c,MBTT22,M00241288,+/+,Male,07-Apr-09,14-Jul-09,14,,40,10.3,0.0509,0.5022,9.86,22.92,17.39,40.31,43.14,C57BL/6J-Tyr<c-Brd>(50%);C57BL/6N(50%),B6JTyr;B6N
MBJC,Pld5 Knokcout First EPD0082_5_A09,C57BL/6J-Tyr<c-Brd>;C57BL/6N,NTAC & CALB Mouse GP 20090405,Mouse GP,Pld5,MBJC18.1c,MBJC18,M00239908,+/+,Male,05-Apr-09,14-Jul-09,14.3,,42.5,10.6,0.0524,0.548,10.45,24.47,18.16,42.63,42.6,C57BL/6J-Tyr<c-Brd>(50%);C57BL/6N(50%),B6JTyr;B6N
MBJC,Pld5 Knokcout First EPD0082_5_A09,C57BL/6J-Tyr<c-Brd>;C57BL/6N,NTAC & CALB Mouse GP 20090405,Mouse GP,Pld5,MBJC20.1a,MBJC20,M00239929,+/+,Male,05-Apr-09,14-Jul-09,14.3,,39.3,10.2,0.0487,0.4605,9.45,22.05,17.8,39.85,44.68,C57BL/6J-Tyr<c-Brd>(50%);C57BL/6N(50%),B6JTyr;B6N
MBJC,Pld5 Knokcout First EPD0082_5_A09,C57BL/6J-Tyr<c-Brd>;C57BL/6N,NTAC & CALB Mouse GP 20090405,Mouse GP,Pld5,MBJC20.1e,MBJC20,M00239933,+/+,Male,05-Apr-09,14-Jul-09,14.3,,42.4,10.4,0.0512,0.563,10.99,24.55,17.59,42.14,41.73,C57BL/6J-Tyr<c-Brd>(50%);C57BL/6N(50%),B6JTyr;B6N
MBVF,Dusp3 Knockout 2 EPD0090_4_H11,C57BL/6J-Tyr<c-Brd>;C57BL/6N,NTAC & CALB Mouse GP 20090415,Mouse GP,Dusp3,MBVF16.1f,MBVF16,M00247828,+/+,Male,15-Apr-09,22-Jul-09,14,,42.5,10.6,0.0517,0.5954,11.52,22.92,20.63,43.55,47.36,C57BL/6J-Tyr<c-Brd>(50%);C57BL/6N(50%),B6JTyr;B6N
MBVF,Dusp3 Knockout 2 EPD0090_4_H11,C57BL/6J-Tyr<c-Brd>;C57BL/6N,NTAC & CALB Mouse GP 20090415,Mouse GP,Dusp3,MBVF24.1a,MBVF24,M00247880,+/+,Male,16-Apr-09,22-Jul-09,13.9,,40.1,10.7,0.0527,0.5475,10.39,21.63,19.34,40.97,47.2,C57BL/6J-Tyr<c-Brd>(50%);C57BL/6N(50%),B6JTyr;B6N
MBVF,Dusp3 Knockout 2 EPD0090_4_H11,C57BL/6J-Tyr<c-Brd>;C57BL/6N,NTAC & CALB Mouse GP 20090415,Mouse GP,Dusp3,MBVF24.1b,MBVF24,M00247881,+/+,Male,16-Apr-09,22-Jul-09,13.9,,42.6,10.7,0.0521,0.548,10.52,22.96,20.13,43.09,46.72,C57BL/6J-Tyr<c-Brd>(50%);C57BL/6N(50%),B6JTyr;B6N
MBVF,Dusp3 Knockout 2 EPD0090_4_H11,C57BL/6J-Tyr<c-Brd>;C57BL/6N,NTAC & CALB Mouse GP 20090415,Mouse GP,Dusp3,MBVF24.1c,MBVF24,M00247882,+/+,Male,16-Apr-09,22-Jul-09,13.9,,42.2,10.7,0.0528,0.5352,10.13,23.98,18.91,42.89,44.08,C57BL/6J-Tyr<c-Brd>(50%);C57BL/6N(50%),B6JTyr;B6N
MBVF,Dusp3 Knockout 2 EPD0090_4_H11,C57BL/6J-Tyr<c-Brd>;C57BL/6N,NTAC & CALB Mouse GP 20090415,Mouse GP,Dusp3,MBVF18.1a,MBVF18,M00247833,+/+,Male,15-Apr-09,22-Jul-09,14,,44.2,10.7,0.0491,0.5288,10.77,21.91,23.21,45.12,51.44,C57BL/6J-Tyr<c-Brd>(50%);C57BL/6N(50%),B6JTyr;B6N
MBVF,Dusp3 Knockout 2 EPD0090_4_H11,C57BL/6J-Tyr<c-Brd>;C57BL/6N,NTAC & CALB Mouse GP 20090415,Mouse GP,Dusp3,MBVF18.1b,MBVF18,M00247834,+/+,Male,15-Apr-09,22-Jul-09,14,,41.3,10.4,0.048,0.5152,10.74,22.44,20.12,42.56,47.27,C57BL/6J-Tyr<c-Brd>(50%);C57BL/6N(50%),B6JTyr;B6N
MBVF,Dusp3 Knockout 2 EPD0090_4_H11,C57BL/6J-Tyr<c-Brd>;C57BL/6N,NTAC & CALB Mouse GP 20090415,Mouse GP,Dusp3,MBVF19.1a,MBVF19,M00247847,+/+,Male,14-Apr-09,22-Jul-09,14.1,,35.8,10.3,0.0479,0.492,10.27,19.07,17.2,36.27,47.42,C57BL/6J-Tyr<c-Brd>(50%);C57BL/6N(50%),B6JTyr;B6N
MBVF,Dusp3 Knockout 2 EPD0090_4_H11,C57BL/6J-Tyr<c-Brd>;C57BL/6N,NTAC & CALB Mouse GP 20090415,Mouse GP,Dusp3,MBVF19.1f,MBVF19,M00247852,+/+,Male,14-Apr-09,22-Jul-09,14.1,,37.9,10.2,0.0489,0.437,8.94,20.53,18.58,39.11,47.5,C57BL/6J-Tyr<c-Brd>(50%);C57BL/6N(50%),B6JTyr;B6N
MBSR,Cx3cl1 Knockout First EPD0127_3_B11,C57BL/6J-Tyr<c-Brd>;C57BL/6N,NTAC & CALB Mouse GP 20090424,Mouse GP,Cx3cl1,MBSR16.2b,MBSR16,M00255760,+/+,Male,23-Apr-09,29-Jul-09,13.9,,41.1,10.7,0.0545,0.5331,9.79,25.06,16.55,41.61,39.78,C57BL/6J-Tyr<c-Brd>(50%);C57BL/6N(50%),B6JTyr;B6N
MBSR,Cx3cl1 Knockout First EPD0127_3_B11,C57BL/6J-Tyr<c-Brd>;C57BL/6N,NTAC & CALB Mouse GP 20090424,Mouse GP,Cx3cl1,MBSR16.2c,MBSR16,M00255761,+/+,Male,23-Apr-09,29-Jul-09,13.9,,44.2,10.9,0.0544,0.5881,10.8,26.45,17.83,44.28,40.26,C57BL/6J-Tyr<c-Brd>(50%);C57BL/6N(50%),B6JTyr;B6N
MBSR,Cx3cl1 Knockout First EPD0127_3_B11,C57BL/6J-Tyr<c-Brd>;C57BL/6N,NTAC & CALB Mouse GP 20090424,Mouse GP,Cx3cl1,MBSR16.2d,MBSR16,M00255762,+/+,Male,23-Apr-09,29-Jul-09,13.9,,36.4,10.3,0.0493,0.4872,9.88,21.48,14.94,36.42,41.03,C57BL/6J-Tyr<c-Brd>(50%);C57BL/6N(50%),B6JTyr;B6N
MBSR,Cx3cl1 Knockout First EPD0127_3_B11,C57BL/6J-Tyr<c-Brd>;C57BL/6N,NTAC & CALB Mouse GP 20090424,Mouse GP,Cx3cl1,MBSR16.2f,MBSR16,M00255764,+/+,Male,23-Apr-09,29-Jul-09,13.9,,33.7,10.3,0.0529,0.4853,9.17,22.52,11.6,34.12,34,C57BL/6J-Tyr<c-Brd>(50%);C57BL/6N(50%),B6JTyr;B6N
MBNY,Slc35f1 Kncokout First EPD0085_2_F07,C57BL/6J-Tyr<c-Brd>;C57BL/6N,NTAC & CALB Mouse GP 20090424,Mouse GP,Slc35f1,MBNY34.1d,MBNY34,M00250073,+/+,Male,22-Apr-09,29-Jul-09,14,,36.4,10.4,0.0515,0.5085,9.88,21.16,15.51,36.67,42.29,C57BL/6J-Tyr<c-Brd>(50%);C57BL/6N(50%),B6JTyr;B6N
MBNY,Slc35f1 Kncokout First EPD0085_2_F07,C57BL/6J-Tyr<c-Brd>;C57BL/6N,NTAC & CALB Mouse GP 20090424,Mouse GP,Slc35f1,MBNY43.1b,MBNY43,M00250129,+/+,Male,24-Apr-09,29-Jul-09,13.7,,37.1,10.7,0.054,0.5344,9.9,24.3,12.84,37.14,34.58,C57BL/6J-Tyr<c-Brd>(50%);C57BL/6N(50%),B6JTyr;B6N
MBNY,Slc35f1 Kncokout First EPD0085_2_F07,C57BL/6J-Tyr<c-Brd>;C57BL/6N,NTAC & CALB Mouse GP 20090424,Mouse GP,Slc35f1,MBNY43.1c,MBNY43,M00250130,+/+,Male,24-Apr-09,29-Jul-09,13.7,,46.7,10.4,0.0512,0.4357,8.5,28.8,19.28,48.08,40.11,C57BL/6J-Tyr<c-Brd>(50%);C57BL/6N(50%),B6JTyr;B6N
MBNY,Slc35f1 Kncokout First EPD0085_2_F07,C57BL/6J-Tyr<c-Brd>;C57BL/6N,NTAC & CALB Mouse GP 20090424,Mouse GP,Slc35f1,MBNY43.1d,MBNY43,M00250131,+/+,Male,24-Apr-09,29-Jul-09,13.7,,40.5,10.4,0.0533,0.5229,9.81,25.27,15.36,40.63,37.81,C57BL/6J-Tyr<c-Brd>(50%);C57BL/6N(50%),B6JTyr;B6N
MBSQ,Fabp5 Knockout First EPD0127_3_B05,C57BL/6J-Tyr<c-Brd>;C57BL/6N,NTAC & CALB Mouse GP 20090430,Mouse GP,Fabp5,MBSQ18.4a,MBSQ18,M00257357,+/+,Male,30-Apr-09,07-Aug-09,14.1,,35.8,10.5,0.0483,0.4432,9.17,21.41,13.45,34.86,38.58,C57BL/6J-Tyr<c-Brd>(50%);C57BL/6N(50%),B6JTyr;B6N
MBSQ,Fabp5 Knockout First EPD0127_3_B05,C57BL/6J-Tyr<c-Brd>;C57BL/6N,NTAC & CALB Mouse GP 20090430,Mouse GP,Fabp5,MBSQ18.4b,MBSQ18,M00257358,+/+,Male,30-Apr-09,07-Aug-09,14.1,,44.2,10.4,0.0487,0.5325,10.92,22.91,20.41,43.32,47.11,C57BL/6J-Tyr<c-Brd>(50%);C57BL/6N(50%),B6JTyr;B6N
MBSQ,Fabp5 Knockout First EPD0127_3_B05,C57BL/6J-Tyr<c-Brd>;C57BL/6N,NTAC & CALB Mouse GP 20090430,Mouse GP,Fabp5,MBSQ18.4c,MBSQ18,M00257359,+/+,Male,30-Apr-09,07-Aug-09,14.1,,36.1,10.2,0.0453,0.4605,10.17,18.85,16.19,35.04,46.2,C57BL/6J-Tyr<c-Brd>(50%);C57BL/6N(50%),B6JTyr;B6N
MBSQ,Fabp5 Knockout First EPD0127_3_B05,C57BL/6J-Tyr<c-Brd>;C57BL/6N,NTAC & CALB Mouse GP 20090430,Mouse GP,Fabp5,MBSQ18.4d,MBSQ18,M00257360,+/+,Male,30-Apr-09,07-Aug-09,14.1,,40.4,10.4,0.0489,0.4726,9.67,23.81,16.31,40.12,40.66,C57BL/6J-Tyr<c-Brd>(50%);C57BL/6N(50%),B6JTyr;B6N
MBNY,Slc35f1 Kncokout First EPD0085_2_F07,C57BL/6J-Tyr<c-Brd>;C57BL/6N,NTAC & CALB Mouse GP 20090430,Mouse GP,Slc35f1,MBNY45.1b,MBNY45,M00258197,+/+,Male,27-Apr-09,07-Aug-09,14.6,,32.5,10,0.0478,0.4137,8.66,19.6,12.08,31.68,38.13,C57BL/6J-Tyr<c-Brd>(50%);C57BL/6N(50%),B6JTyr;B6N
MBNY,Slc35f1 Kncokout First EPD0085_2_F07,C57BL/6J-Tyr<c-Brd>;C57BL/6N,NTAC & CALB Mouse GP 20090430,Mouse GP,Slc35f1,MBNY45.1c,MBNY45,M00258198,+/+,Male,27-Apr-09,07-Aug-09,14.6,,36.8,10.6,0.0497,0.4929,9.92,19.49,18.12,37.61,48.18,C57BL/6J-Tyr<c-Brd>(50%);C57BL/6N(50%),B6JTyr;B6N
MBNY,Slc35f1 Kncokout First EPD0085_2_F07,C57BL/6J-Tyr<c-Brd>;C57BL/6N,NTAC & CALB Mouse GP 20090430,Mouse GP,Slc35f1,MBNY45.1d,MBNY45,M00258199,+/+,Male,27-Apr-09,07-Aug-09,14.6,,38.2,10.2,0.0478,0.4821,10.09,21.06,17.01,38.07,44.69,C57BL/6J-Tyr<c-Brd>(50%);C57BL/6N(50%),B6JTyr;B6N
MBNY,Slc35f1 Kncokout First EPD0085_2_F07,C57BL/6J-Tyr<c-Brd>;C57BL/6N,NTAC & CALB Mouse GP 20090430,Mouse GP,Slc35f1,MBNY45.1f,MBNY45,M00258201,+/+,Male,27-Apr-09,07-Aug-09,14.6,,32.3,10,0.047,0.4277,9.1,19.13,12.1,31.23,38.74,C57BL/6J-Tyr<c-Brd>(50%);C57BL/6N(50%),B6JTyr;B6N
MADG,Crlf3 Knockout First C11 - EPD0033_3,C57BL/6J-Tyr<c-Brd>;C57BL/6NTac/Den;C57BL/6N,NTAC & CALB Mouse GP 20090506,Mouse GP,Crlf3,MADG30.1a,MADG30,M00263296,+/+,Male,06-May-09,12-Aug-09,14,,36.5,10.4,0.0452,0.4337,9.6,19.67,17.48,37.15,47.04,C57BL/6J-Tyr<c-Brd>(25%);C57BL/6NTac/Den(50%);C57BL/6N(25%),B6JTyr;B6N
MADG,Crlf3 Knockout First C11 - EPD0033_3,C57BL/6J-Tyr<c-Brd>;C57BL/6NTac/Den;C57BL/6N,NTAC & CALB Mouse GP 20090506,Mouse GP,Crlf3,MADG30.1b,MADG30,M00263297,+/+,Male,06-May-09,12-Aug-09,14,,29.7,10.2,0.0465,0.4292,9.24,18.19,12.67,30.86,41.05,C57BL/6J-Tyr<c-Brd>(25%);C57BL/6NTac/Den(50%);C57BL/6N(25%),B6JTyr;B6N
MADG,Crlf3 Knockout First C11 - EPD0033_3,C57BL/6J-Tyr<c-Brd>;C57BL/6NTac/Den;C57BL/6N,NTAC & CALB Mouse GP 20090506,Mouse GP,Crlf3,MADG31.1b,MADG31,M00263316,+/+,Male,08-May-09,12-Aug-09,13.7,,38.9,10.4,0.0478,0.561,11.73,19.06,20.46,39.52,51.78,C57BL/6J-Tyr<c-Brd>(25%);C57BL/6NTac/Den(50%);C57BL/6N(25%),B6JTyr;B6N
MADG,Crlf3 Knockout First C11 - EPD0033_3,C57BL/6J-Tyr<c-Brd>;C57BL/6NTac/Den;C57BL/6N,NTAC & CALB Mouse GP 20090506,Mouse GP,Crlf3,MADG31.1d,MADG31,M00263318,+/+,Male,08-May-09,12-Aug-09,13.7,,36.2,10.3,0.0478,0.4829,10.09,19.36,17.4,36.76,47.34,C57BL/6J-Tyr<c-Brd>(25%);C57BL/6NTac/Den(50%);C57BL/6N(25%),B6JTyr;B6N
MBHJ,Slc22a21 Knockout First EPD0079_1_A10,C57BL/6J-Tyr<c-Brd>;C57BL/6NTac/Den;C57BL/6N,NTAC & CALB Mouse GP 20090506,Mouse GP,Slc22a21,MBHJ41.2b,MBHJ41,M00261879,+/+,Male,05-May-09,12-Aug-09,14.1,,37.2,10.3,0.0529,0.5524,10.44,24.51,13.09,37.6,34.82,C57BL/6J-Tyr<c-Brd>(25%);C57BL/6NTac/Den(50%);C57BL/6N(25%),B6JTyr;B6N
MBHJ,Slc22a21 Knockout First EPD0079_1_A10,C57BL/6J-Tyr<c-Brd>;C57BL/6NTac/Den;C57BL/6N,NTAC & CALB Mouse GP 20090506,Mouse GP,Slc22a21,MBHJ41.2d,MBHJ41,M00261881,+/+,Male,05-May-09,12-Aug-09,14.1,,35.9,10.1,0.0451,0.4309,9.56,19.5,16.97,36.47,46.52,C57BL/6J-Tyr<c-Brd>(25%);C57BL/6NTac/Den(50%);C57BL/6N(25%),B6JTyr;B6N
MBHJ,Slc22a21 Knockout First EPD0079_1_A10,C57BL/6J-Tyr<c-Brd>;C57BL/6NTac/Den;C57BL/6N,NTAC & CALB Mouse GP 20090506,Mouse GP,Slc22a21,MBHJ43.2a,MBHJ43,M00261872,+/+,Male,05-May-09,12-Aug-09,14.1,,41.1,10.1,0.0519,0.5291,10.2,22.46,19.94,42.4,47.04,C57BL/6J-Tyr<c-Brd>(25%);C57BL/6NTac/Den(50%);C57BL/6N(25%),B6JTyr;B6N
MBJC,Pld5 Knokcout First EPD0082_5_A09,C57BL/6J-Tyr<c-Brd>;C57BL/6N,NTAC & CALB Mouse GP 20090512,Mouse GP,Pld5,MBJC18.2c,MBJC18,M00266893,+/+,Male,12-May-09,18-Aug-09,14,,30.8,10.7,0.053,0.4975,9.39,24.03,6.44,30.47,21.14,C57BL/6J-Tyr<c-Brd>(50%);C57BL/6N(50%),B6JTyr;B6N
MBJC,Pld5 Knokcout First EPD0082_5_A09,C57BL/6J-Tyr<c-Brd>;C57BL/6N,NTAC & CALB Mouse GP 20090512,Mouse GP,Pld5,MBJC20.2a,MBJC20,M00266904,+/+,Male,12-May-09,18-Aug-09,14,,32.9,10.8,0.0544,0.5228,9.62,25.22,7.15,32.37,22.1,C57BL/6J-Tyr<c-Brd>(50%);C57BL/6N(50%),B6JTyr;B6N
MBJC,Pld5 Knokcout First EPD0082_5_A09,C57BL/6J-Tyr<c-Brd>;C57BL/6N,NTAC & CALB Mouse GP 20090512,Mouse GP,Pld5,MBJC20.2c,MBJC20,M00266906,+/+,Male,12-May-09,18-Aug-09,14,,38.5,10.8,0.053,0.5386,10.17,24.17,13.55,37.72,35.92,C57BL/6J-Tyr<c-Brd>(50%);C57BL/6N(50%),B6JTyr;B6N
MAAJ,Arid4a Knockout First E08,C57BL/6J-Tyr<c-Brd>;C57BL/6NTac/Den;C57BL/6N,NTAC & CALB Mouse GP 20090512,Mouse GP,Arid4a,MAAJ27.3d,MAAJ27,M00264946,+/+,Male,13-May-09,18-Aug-09,13.9,,35.2,10.7,0.0458,0.4254,9.29,21.54,13.7,35.24,38.87,C57BL/6J-Tyr<c-Brd>(25%);C57BL/6NTac/Den(50%);C57BL/6N(25%),B6JTyr;B6N
MAAJ,Arid4a Knockout First E08,C57BL/6J-Tyr<c-Brd>;C57BL/6NTac/Den;C57BL/6N,NTAC & CALB Mouse GP 20090512,Mouse GP,Arid4a,MAAJ27.3e,MAAJ27,M00264947,+/+,Male,13-May-09,18-Aug-09,13.9,,31.7,10.7,0.0531,0.481,9.06,24.01,9.74,31.95,24.84,C57BL/6J-Tyr<c-Brd>(25%);C57BL/6NTac/Den(50%);C57BL/6N(25%),B6JTyr;B6N
MAAJ,Arid4a Knockout First E08,C57BL/6J-Tyr<c-Brd>;C57BL/6NTac/Den;C57BL/6N,NTAC & CALB Mouse GP 20090512,Mouse GP,Arid4a,MAAJ35.2c,MAAJ35,M00264955,+/+,Male,13-May-09,18-Aug-09,13.9,,36.6,10.5,0.0512,0.5125,10.18,22.35,14.45,36.8,39.26,C57BL/6J-Tyr<c-Brd>(18.75%);C57BL/6NTac/Den(62.5%);C57BL/6N(18.75%),B6JTyr;B6N
MAAJ,Arid4a Knockout First E08,C57BL/6J-Tyr<c-Brd>;C57BL/6NTac/Den;C57BL/6N,NTAC & CALB Mouse GP 20090512,Mouse GP,Arid4a,MAAJ35.2d,MAAJ35,M00264956,+/+,Male,13-May-09,18-Aug-09,13.9,,36.7,10.8,0.0531,0.5091,9.59,24.61,12.9,37.51,34.4,C57BL/6J-Tyr<c-Brd>(18.75%);C57BL/6NTac/Den(62.5%);C57BL/6N(18.75%),B6JTyr;B6N
MBDP,Trim45 Knockout First EPD0056_1_B09,C57BL/6J-Tyr<c-Brd>;C57BL/6NTac/Den;C57BL/6N,NTAC & CALB Mouse GP 20090518,Mouse GP,Trim45,MBDP39.1a,MBDP39,M00271552,+/+,Male,18-May-09,27-Aug-09,14.4,,39.9,10.6,0.053,0.5541,10.46,22.57,18.25,40.82,44.72,C57BL/6J-Tyr<c-Brd>(12.5%);C57BL/6NTac/Den(75%);C57BL/6N(12.5%),B6JTyr;B6N
MBDP,Trim45 Knockout First EPD0056_1_B09,C57BL/6J-Tyr<c-Brd>;C57BL/6NTac/Den;C57BL/6N,NTAC & CALB Mouse GP 20090518,Mouse GP,Trim45,MBDP39.1b,MBDP39,M00271553,+/+,Male,18-May-09,27-Aug-09,14.4,,38.4,10.5,0.0524,0.5253,10.03,21.93,16.78,38.71,43.36,C57BL/6J-Tyr<c-Brd>(12.5%);C57BL/6NTac/Den(75%);C57BL/6N(12.5%),B6JTyr;B6N
MBDP,Trim45 Knockout First EPD0056_1_B09,C57BL/6J-Tyr<c-Brd>;C57BL/6NTac/Den;C57BL/6N,NTAC & CALB Mouse GP 20090518,Mouse GP,Trim45,MBDP39.1c,MBDP39,M00271554,+/+,Male,18-May-09,27-Aug-09,14.4,,37.6,10.4,0.0492,0.4989,10.14,20.18,17.81,37.99,46.88,C57BL/6J-Tyr<c-Brd>(12.5%);C57BL/6NTac/Den(75%);C57BL/6N(12.5%),B6JTyr;B6N
MBDP,Trim45 Knockout First EPD0056_1_B09,C57BL/6J-Tyr<c-Brd>;C57BL/6NTac/Den;C57BL/6N,NTAC & CALB Mouse GP 20090518,Mouse GP,Trim45,MBDP39.1e,MBDP39,M00271556,+/+,Male,18-May-09,27-Aug-09,14.4,,40.2,10.3,0.0516,0.5452,10.56,22.43,17.9,40.33,44.39,C57BL/6J-Tyr<c-Brd>(12.5%);C57BL/6NTac/Den(75%);C57BL/6N(12.5%),B6JTyr;B6N
MBDR,5730472N09Rik Knockout First EPD0026_1_C12,C57BL/6J-Tyr<c-Brd>;C57BL/6N,NTAC & CALB Mouse GP 20090518,Mouse GP,Fam73b,MBDR25.3a,MBDR25,M00273387,+/+,Male,19-May-09,27-Aug-09,14.3,,36.1,10.6,0.0478,0.4676,9.78,24.57,12.25,36.82,33.27,C57BL/6J-Tyr<c-Brd>(50%);C57BL/6N(50%),B6JTyr;B6N
MBDR,5730472N09Rik Knockout First EPD0026_1_C12,C57BL/6J-Tyr<c-Brd>;C57BL/6N,NTAC & CALB Mouse GP 20090518,Mouse GP,Fam73b,MBDR25.3b,MBDR25,M00273388,+/+,Male,19-May-09,27-Aug-09,14.3,,33.8,10.2,0.0442,0.3916,8.86,18.83,14.69,33.52,43.82,C57BL/6J-Tyr<c-Brd>(50%);C57BL/6N(50%),B6JTyr;B6N
MBDR,5730472N09Rik Knockout First EPD0026_1_C12,C57BL/6J-Tyr<c-Brd>;C57BL/6N,NTAC & CALB Mouse GP 20090518,Mouse GP,Fam73b,MBDR25.3c,MBDR25,M00273389,+/+,Male,19-May-09,27-Aug-09,14.3,,38.5,10.2,0.0478,0.4476,9.37,22.71,15.65,38.36,40.79,C57BL/6J-Tyr<c-Brd>(50%);C57BL/6N(50%),B6JTyr;B6N
MBDR,5730472N09Rik Knockout First EPD0026_1_C12,C57BL/6J-Tyr<c-Brd>;C57BL/6N,NTAC & CALB Mouse GP 20090518,Mouse GP,Fam73b,MBDR25.3d,MBDR25,M00273390,+/+,Male,19-May-09,27-Aug-09,14.3,,36.6,10.2,0.0479,0.472,9.85,20.92,15.53,36.45,42.6,C57BL/6J-Tyr<c-Brd>(50%);C57BL/6N(50%),B6JTyr;B6N
MBSR,Cx3cl1 Knockout First EPD0127_3_B11,C57BL/6J-Tyr<c-Brd>;C57BL/6N,NTAC & CALB Mouse GP 20090526,Mouse GP,Cx3cl1,MBSR25.1a,MBSR25,M00274813,+/+,Male,27-May-09,02-Sep-09,14,,36.7,10.5,0.0497,0.5296,10.65,20.93,16.04,36.97,43.4,C57BL/6J-Tyr<c-Brd>(50%);C57BL/6N(50%),B6JTyr;B6N
MBSR,Cx3cl1 Knockout First EPD0127_3_B11,C57BL/6J-Tyr<c-Brd>;C57BL/6N,NTAC & CALB Mouse GP 20090526,Mouse GP,Cx3cl1,MBSR26.1b,MBSR26,M00274798,+/+,Male,27-May-09,02-Sep-09,14,,38.4,10.7,0.05,0.5154,10.3,21.06,17.67,38.73,45.62,C57BL/6J-Tyr<c-Brd>(50%);C57BL/6N(50%),B6JTyr;B6N
MBSR,Cx3cl1 Knockout First EPD0127_3_B11,C57BL/6J-Tyr<c-Brd>;C57BL/6N,NTAC & CALB Mouse GP 20090526,Mouse GP,Cx3cl1,MBSR26.1c,MBSR26,M00274799,+/+,Male,27-May-09,02-Sep-09,14,,42.3,10.8,0.0533,0.5127,9.62,24.48,18.6,43.08,43.17,C57BL/6J-Tyr<c-Brd>(50%);C57BL/6N(50%),B6JTyr;B6N
MBSR,Cx3cl1 Knockout First EPD0127_3_B11,C57BL/6J-Tyr<c-Brd>;C57BL/6N,NTAC & CALB Mouse GP 20090526,Mouse GP,Cx3cl1,MBSR26.1d,MBSR26,M00274800,+/+,Male,27-May-09,02-Sep-09,14,,42.5,10.7,0.0514,0.5719,11.12,23.52,19.62,43.14,45.48,C57BL/6J-Tyr<c-Brd>(50%);C57BL/6N(50%),B6JTyr;B6N
MBJC,Pld5 Knokcout First EPD0082_5_A09,C57BL/6J-Tyr<c-Brd>;C57BL/6N,NTAC & CALB Mouse GP 20090526,Mouse GP,Pld5,MBJC19.2b,MBJC19,M00274408,+/+,Male,26-May-09,02-Sep-09,14.1,,40.8,10.8,0.0503,0.5137,10.2,24.19,16.98,41.17,41.24,C57BL/6J-Tyr<c-Brd>(50%);C57BL/6N(50%),B6JTyr;B6N
MBJC,Pld5 Knokcout First EPD0082_5_A09,C57BL/6J-Tyr<c-Brd>;C57BL/6N,NTAC & CALB Mouse GP 20090526,Mouse GP,Pld5,MBJC19.2d,MBJC19,M00274410,+/+,Male,26-May-09,02-Sep-09,14.1,,36.2,10.6,0.0484,0.4071,8.4,22.21,15.28,37.49,40.76,C57BL/6J-Tyr<c-Brd>(50%);C57BL/6N(50%),B6JTyr;B6N
MBJC,Pld5 Knokcout First EPD0082_5_A09,C57BL/6J-Tyr<c-Brd>;C57BL/6N,NTAC & CALB Mouse GP 20090526,Mouse GP,Pld5,MBJC21.2a,MBJC21,M00274439,+/+,Male,24-May-09,02-Sep-09,14.4,,36.5,10.1,0.0519,0.541,10.43,21.92,14.7,36.62,40.14,C57BL/6J-Tyr<c-Brd>(50%);C57BL/6N(50%),B6JTyr;B6N
MBJC,Pld5 Knokcout First EPD0082_5_A09,C57BL/6J-Tyr<c-Brd>;C57BL/6N,NTAC & CALB Mouse GP 20090526,Mouse GP,Pld5,MBJC21.2b,MBJC21,M00274440,+/+,Male,24-May-09,02-Sep-09,14.4,,41.6,10.8,0.0506,0.566,11.17,24.54,17.41,41.95,41.49,C57BL/6J-Tyr<c-Brd>(50%);C57BL/6N(50%),B6JTyr;B6N
MBRV,Sh2d1b2 Knockout First EPD0028_5_G06,C57BL/6J-Tyr<c-Brd>;C57BL/6NTac/Den;C57BL/6N,NTAC & CALB Mouse GP 20090602,Mouse GP,Sh2d1b2,MBRV54.1e,MBRV54,M00280292,+/+,Male,02-Jun-09,08-Sep-09,14,,39.8,10.6,0.0529,0.5455,10.31,21.23,18.57,39.8,46.67,C57BL/6J-Tyr<c-Brd>(25%);C57BL/6NTac/Den(50%);C57BL/6N(25%),B6JTyr;B6N
MBRV,Sh2d1b2 Knockout First EPD0028_5_G06,C57BL/6J-Tyr<c-Brd>;C57BL/6NTac/Den;C57BL/6N,NTAC & CALB Mouse GP 20090602,Mouse GP,Sh2d1b2,MBRV54.1f,MBRV54,M00280293,+/+,Male,02-Jun-09,08-Sep-09,14,,35.2,10.5,0.0468,0.4252,9.08,20.65,14.89,35.54,41.89,C57BL/6J-Tyr<c-Brd>(25%);C57BL/6NTac/Den(50%);C57BL/6N(25%),B6JTyr;B6N
MBRV,Sh2d1b2 Knockout First EPD0028_5_G06,C57BL/6J-Tyr<c-Brd>;C57BL/6NTac/Den;C57BL/6N,NTAC & CALB Mouse GP 20090602,Mouse GP,Sh2d1b2,MBRV62.1a,MBRV62,M00274771,+/+,Male,31-May-09,08-Sep-09,14.3,,43,10.6,0.047,0.4302,9.15,24.48,19.3,43.78,44.09,C57BL/6J-Tyr<c-Brd>(25%);C57BL/6NTac/Den(50%);C57BL/6N(25%),B6JTyr;B6N
MBRV,Sh2d1b2 Knockout First EPD0028_5_G06,C57BL/6J-Tyr<c-Brd>;C57BL/6NTac/Den;C57BL/6N,NTAC & CALB Mouse GP 20090602,Mouse GP,Sh2d1b2,MBRV62.1c,MBRV62,M00274773,+/+,Male,31-May-09,08-Sep-09,14.3,,37.9,10.6,0.0499,0.5058,10.13,21.27,16.12,37.39,43.11,C57BL/6J-Tyr<c-Brd>(25%);C57BL/6NTac/Den(50%);C57BL/6N(25%),B6JTyr;B6N
MABC,Hp1bp3 Knockout First F11,C57BL/6J-Tyr<c-Brd>;C57BL/6N,NTAC & CALB Mouse GP 20090602,Mouse GP,Hp1bp3,MABC55.2b,MABC55,M00277937,+/+,Male,05-Jun-09,08-Sep-09,13.6,,38.6,10.6,0.0445,0.3445,7.74,24.26,15.64,39.9,39.21,C57BL/6J-Tyr<c-Brd>(50%);C57BL/6N(50%),B6JTyr;B6N
MABC,Hp1bp3 Knockout First F11,C57BL/6J-Tyr<c-Brd>;C57BL/6NTac/Den;C57BL/6N,NTAC & CALB Mouse GP 20090602,Mouse GP,Hp1bp3,MABC60.1b,MABC60,M00281317,+/+,Male,03-Jun-09,08-Sep-09,13.9,,46.6,10.7,0.0496,0.5113,10.3,24.96,22.32,47.28,47.21,C57BL/6J-Tyr<c-Brd>(37.5%);C57BL/6NTac/Den(25%);C57BL/6N(37.5%),B6JTyr;B6N
MABC,Hp1bp3 Knockout First F11,C57BL/6J-Tyr<c-Brd>;C57BL/6NTac/Den;C57BL/6N,NTAC & CALB Mouse GP 20090602,Mouse GP,Hp1bp3,MABC62.1a,MABC62,M00281325,+/+,Male,04-Jun-09,08-Sep-09,13.7,,38.8,10.4,0.0497,0.5192,10.45,20.92,18.36,39.28,46.73,C57BL/6J-Tyr<c-Brd>(37.5%);C57BL/6NTac/Den(25%);C57BL/6N(37.5%),B6JTyr;B6N
MABC,Hp1bp3 Knockout First F11,C57BL/6J-Tyr<c-Brd>;C57BL/6N,NTAC & CALB Mouse GP 20090602,Mouse GP,Hp1bp3,MABC63.1a,MABC63,M00281330,+/+,Male,02-Jun-09,08-Sep-09,14,,42.7,10.8,0.0526,0.5818,11.07,22.67,20.95,43.62,48.02,C57BL/6J-Tyr<c-Brd>(50%);C57BL/6N(50%),B6JTyr;B6N
MBSR,Cx3cl1 Knockout First EPD0127_3_B11,C57BL/6J-Tyr<c-Brd>;C57BL/6N,NTAC & CALB Mouse GP 20090609,Mouse GP,Cx3cl1,MBSR21.1d,MBSR21,M00285218,+/+,Male,08-Jun-09,16-Sep-09,14.3,,38.5,10.5,0.0532,0.5125,9.63,24.3,15.05,39.35,38.25,C57BL/6J-Tyr<c-Brd>(50%);C57BL/6N(50%),B6JTyr;B6N
MBSR,Cx3cl1 Knockout First EPD0127_3_B11,C57BL/6J-Tyr<c-Brd>;C57BL/6N,NTAC & CALB Mouse GP 20090609,Mouse GP,Cx3cl1,MBSR21.1e,MBSR21,M00285219,+/+,Male,08-Jun-09,16-Sep-09,14.3,,41.3,10.5,0.0515,0.5224,10.14,25.54,16.56,42.1,39.34,C57BL/6J-Tyr<c-Brd>(50%);C57BL/6N(50%),B6JTyr;B6N
MBSR,Cx3cl1 Knockout First EPD0127_3_B11,C57BL/6J-Tyr<c-Brd>;C57BL/6N,NTAC & CALB Mouse GP 20090609,Mouse GP,Cx3cl1,MBSR22.1a,MBSR22,M00285200,+/+,Male,07-Jun-09,16-Sep-09,14.4,,38.4,10.4,0.0512,0.4859,9.49,22.72,15.57,38.29,40.67,C57BL/6J-Tyr<c-Brd>(50%);C57BL/6N(50%),B6JTyr;B6N
MBSR,Cx3cl1 Knockout First EPD0127_3_B11,C57BL/6J-Tyr<c-Brd>;C57BL/6N,NTAC & CALB Mouse GP 20090609,Mouse GP,Cx3cl1,MBSR22.1c,MBSR22,M00285202,+/+,Male,07-Jun-09,16-Sep-09,14.4,,36.2,10.3,0.05,0.453,9.06,22.44,13.91,36.35,38.28,C57BL/6J-Tyr<c-Brd>(50%);C57BL/6N(50%),B6JTyr;B6N
MBWK,Prmt5 Knockout First EPD0160_2_A08,C57BL/6J-Tyr<c-Brd>;C57BL/6N,NTAC & CALB Mouse GP 20090609,Mouse GP,Prmt5,MBWK12.3c,MBWK12,M00285402,+/+,Male,08-Jun-09,16-Sep-09,14.3,,38.8,10.5,0.0521,0.5117,9.82,24.41,14.62,39.03,37.47,C57BL/6J-Tyr<c-Brd>(50%);C57BL/6N(50%),B6JTyr;B6N
MBWK,Prmt5 Knockout First EPD0160_2_A08,C57BL/6J-Tyr<c-Brd>;C57BL/6N,NTAC & CALB Mouse GP 20090609,Mouse GP,Prmt5,MBWK12.3d,MBWK12,M00285403,+/+,Male,08-Jun-09,16-Sep-09,14.3,,37.4,10.6,0.0505,0.4933,9.76,23.78,13.8,37.58,36.72,C57BL/6J-Tyr<c-Brd>(50%);C57BL/6N(50%),B6JTyr;B6N
MBWK,Prmt5 Knockout First EPD0160_2_A08,C57BL/6J-Tyr<c-Brd>;C57BL/6N,NTAC & CALB Mouse GP 20090609,Mouse GP,Prmt5,MBWK14.3a,MBWK14,M00285416,+/+,Male,07-Jun-09,16-Sep-09,14.4,,35.8,10.3,0.0493,0.4655,9.44,21.33,14.44,35.77,40.37,C57BL/6J-Tyr<c-Brd>(50%);C57BL/6N(50%),B6JTyr;B6N
MBWK,Prmt5 Knockout First EPD0160_2_A08,C57BL/6J-Tyr<c-Brd>;C57BL/6N,NTAC & CALB Mouse GP 20090609,Mouse GP,Prmt5,MBWK14.3b,MBWK14,M00285417,+/+,Male,07-Jun-09,16-Sep-09,14.4,,41.5,10.3,0.0512,0.4678,9.14,24.77,17.52,42.29,41.43,C57BL/6J-Tyr<c-Brd>(50%);C57BL/6N(50%),B6JTyr;B6N
MBSD,Gap43 Knockout First EPD0116_3_E02,C57BL/6J-Tyr<c-Brd>;C57BL/6NTac/Den;C57BL/6N,NTAC & CALB Mouse GP 20090616,Mouse GP,Gap43,MBSD26.2b,MBSD26,M00285208,+/+,Male,15-Jun-09,22-Sep-09,14.1,,38.5,10.4,0.0484,0.489,10.1,20.46,18.18,38.64,47.05,C57BL/6J-Tyr<c-Brd>(37.5%);C57BL/6NTac/Den(25%);C57BL/6N(37.5%),B6JTyr;B6N
MBSD,Gap43 Knockout First EPD0116_3_E02,C57BL/6J-Tyr<c-Brd>;C57BL/6NTac/Den;C57BL/6N,NTAC & CALB Mouse GP 20090616,Mouse GP,Gap43,MBSD26.2c,MBSD26,M00285209,+/+,Male,15-Jun-09,22-Sep-09,14.1,,37.3,10,0.0484,0.4949,10.23,19.99,17.83,37.82,47.15,C57BL/6J-Tyr<c-Brd>(37.5%);C57BL/6NTac/Den(25%);C57BL/6N(37.5%),B6JTyr;B6N
MBSD,Gap43 Knockout First EPD0116_3_E02,C57BL/6J-Tyr<c-Brd>;C57BL/6NTac/Den;C57BL/6N,NTAC & CALB Mouse GP 20090616,Mouse GP,Gap43,MBSD27.2a,MBSD27,M00289250,+/+,Male,15-Jun-09,22-Sep-09,14.1,,40.4,10.4,0.048,0.4489,9.36,22.96,18.49,41.45,44.61,C57BL/6J-Tyr<c-Brd>(37.5%);C57BL/6NTac/Den(25%);C57BL/6N(37.5%),B6JTyr;B6N
MBSD,Gap43 Knockout First EPD0116_3_E02,C57BL/6J-Tyr<c-Brd>;C57BL/6NTac/Den;C57BL/6N,NTAC & CALB Mouse GP 20090616,Mouse GP,Gap43,MBSD27.2b,MBSD27,M00289251,+/+,Male,15-Jun-09,22-Sep-09,14.1,,36.9,10,0.0483,0.4958,10.27,20.37,16.64,37.01,44.96,C57BL/6J-Tyr<c-Brd>(37.5%);C57BL/6NTac/Den(25%);C57BL/6N(37.5%),B6JTyr;B6N
MBVE,"Dhcr24 Knockout First EPD0058_3_A11,",C57BL/6J-Tyr<c-Brd>;C57BL/6N,NTAC & CALB Mouse GP 20090616,Mouse GP,Dhcr24,MBVE16.3a,MBVE16,M00291991,+/+,Male,18-Jun-09,22-Sep-09,13.7,,42.9,10.7,0.0525,0.564,10.75,25.33,18.75,44.08,42.53,C57BL/6J-Tyr<c-Brd>(50%);C57BL/6N(50%),B6JTyr;B6N
MBVE,"Dhcr24 Knockout First EPD0058_3_A11,",C57BL/6J-Tyr<c-Brd>;C57BL/6N,NTAC & CALB Mouse GP 20090616,Mouse GP,Dhcr24,MBVE16.3g,MBVE16,M00291997,+/+,Male,18-Jun-09,22-Sep-09,13.7,,41.5,10.5,0.0519,0.5333,10.27,24.4,18.31,42.71,42.88,C57BL/6J-Tyr<c-Brd>(50%);C57BL/6N(50%),B6JTyr;B6N
MBVE,"Dhcr24 Knockout First EPD0058_3_A11,",C57BL/6J-Tyr<c-Brd>;C57BL/6N,NTAC & CALB Mouse GP 20090616,Mouse GP,Dhcr24,MBVE17.3a,MBVE17,M00288624,+/+,Male,15-Jun-09,22-Sep-09,14.1,,39.8,10.3,0.0521,0.5519,10.59,23.19,16.97,40.16,42.25,C57BL/6J-Tyr<c-Brd>(50%);C57BL/6N(50%),B6JTyr;B6N
MBVE,"Dhcr24 Knockout First EPD0058_3_A11,",C57BL/6J-Tyr<c-Brd>;C57BL/6N,NTAC & CALB Mouse GP 20090616,Mouse GP,Dhcr24,MBVE17.3c,MBVE17,M00288626,+/+,Male,15-Jun-09,22-Sep-09,14.1,,39.8,10.3,0.0527,0.5258,9.98,24.19,15.97,40.16,39.77,C57BL/6J-Tyr<c-Brd>(50%);C57BL/6N(50%),B6JTyr;B6N
MAAH,Brd8 Knockout First E10 - EPD00028_2,C57BL/6J-Tyr<c-Brd>;C57BL/6NTac/Den;C57BL/6N,NTAC & CALB Mouse GP 20090623,Mouse GP,Brd8,MAAH122.2a,MAAH122,M00292312,+/+,Male,25-Jun-09,28-Sep-09,13.6,,37,10.3,0.0459,0.433,9.43,20.65,16.48,37.13,44.38,C57BL/6J-Tyr<c-Brd>(25%);C57BL/6NTac/Den(50%);C57BL/6N(25%),B6JTyr;B6N
MAAH,Brd8 Knockout First E10 - EPD00028_2,C57BL/6J-Tyr<c-Brd>;C57BL/6NTac/Den;C57BL/6N,NTAC & CALB Mouse GP 20090623,Mouse GP,Brd8,MAAH122.2b,MAAH122,M00292313,+/+,Male,25-Jun-09,28-Sep-09,13.6,,44,10.6,0.0508,0.4763,9.37,25.38,19.07,44.45,42.9,C57BL/6J-Tyr<c-Brd>(25%);C57BL/6NTac/Den(50%);C57BL/6N(25%),B6JTyr;B6N
MAAH,Brd8 Knockout First E10 - EPD00028_2,C57BL/6J-Tyr<c-Brd>;C57BL/6NTac/Den;C57BL/6N,NTAC & CALB Mouse GP 20090623,Mouse GP,Brd8,MAAH126.1a,MAAH126,M00292345,+/+,Male,22-Jun-09,28-Sep-09,14,,35.5,10.5,0.0468,0.4776,10.21,18.5,16.33,34.83,46.89,C57BL/6J-Tyr<c-Brd>(25%);C57BL/6NTac/Den(50%);C57BL/6N(25%),B6JTyr;B6N
MAAH,Brd8 Knockout First E10 - EPD00028_2,C57BL/6J-Tyr<c-Brd>;C57BL/6NTac/Den;C57BL/6N,NTAC & CALB Mouse GP 20090623,Mouse GP,Brd8,MAAH126.1d,MAAH126,M00292348,+/+,Male,22-Jun-09,28-Sep-09,14,,43.4,10.7,0.0488,0.4906,10.06,23,20.76,43.76,47.43,C57BL/6J-Tyr<c-Brd>(25%);C57BL/6NTac/Den(50%);C57BL/6N(25%),B6JTyr;B6N
MAAW,Hdac1 Knockout First A01 - EPD00028_5,C57BL/6J-Tyr<c-Brd>;C57BL/6NTac/Den;C57BL/6N,NTAC & CALB Mouse GP 20090623,Mouse GP,Hdac1,MAAW32.4c,MAAW32,M00292745,+/+,Male,21-Jun-09,28-Sep-09,14.1,,34.8,10.4,0.0516,0.491,9.52,20.91,14.06,34.97,40.21,C57BL/6J-Tyr<c-Brd>(25%);C57BL/6NTac/Den(50%);C57BL/6N(25%),B6JTyr;B6N
MAAW,Hdac1 Knockout First A01 - EPD00028_5,C57BL/6J-Tyr<c-Brd>;C57BL/6NTac/Den;C57BL/6N,NTAC & CALB Mouse GP 20090623,Mouse GP,Hdac1,MAAW32.4d,MAAW32,M00292746,+/+,Male,21-Jun-09,28-Sep-09,14.1,,39.9,10.4,,,,,,,,C57BL/6J-Tyr<c-Brd>(25%);C57BL/6NTac/Den(50%);C57BL/6N(25%),B6JTyr;B6N
MAAW,Hdac1 Knockout First A01 - EPD00028_5,C57BL/6J-Tyr<c-Brd>;C57BL/6NTac/Den;C57BL/6N,NTAC & CALB Mouse GP 20090623,Mouse GP,Hdac1,MAAW34.3a,MAAW34,M00298308,+/+,Male,24-Jun-09,28-Sep-09,13.7,,35.6,10.4,0.0543,0.5156,9.5,21.73,14.26,35.99,39.61,C57BL/6J-Tyr<c-Brd>(25%);C57BL/6NTac/Den(50%);C57BL/6N(25%),B6JTyr;B6N
MAAW,Hdac1 Knockout First A01 - EPD00028_5,C57BL/6J-Tyr<c-Brd>;C57BL/6NTac/Den;C57BL/6N,NTAC & CALB Mouse GP 20090623,Mouse GP,Hdac1,MAAW34.3b,MAAW34,M00298309,+/+,Male,24-Jun-09,28-Sep-09,13.7,,43.7,10.7,0.0526,0.5853,11.13,24.04,18.79,42.83,43.87,C57BL/6J-Tyr<c-Brd>(25%);C57BL/6NTac/Den(50%);C57BL/6N(25%),B6JTyr;B6N
MBFD,2010003O18Rik Knockout First EPD0029_1_G04,C57BL/6J-Tyr<c-Brd>;C57BL/6NTac/Den;C57BL/6N,NTAC & CALB Mouse GP 20090701,Mouse GP,Gatc,MBFD64.1c,MBFD64,M00301059,+/+,Male,01-Jul-09,07-Oct-09,14,,40.9,10.5,0.0496,0.5541,11.16,22.11,18.99,41.1,46.2,C57BL/6J-Tyr<c-Brd>(12.5%);C57BL/6NTac/Den(75%);C57BL/6N(12.5%),B6JTyr;B6N
MBFD,2010003O18Rik Knockout First EPD0029_1_G04,C57BL/6J-Tyr<c-Brd>;C57BL/6NTac/Den;C57BL/6N,NTAC & CALB Mouse GP 20090701,Mouse GP,Gatc,MBFD65.1a,MBFD65,M00301071,+/+,Male,01-Jul-09,07-Oct-09,14,,35.3,10.5,0.0501,0.4877,9.74,22.36,13.13,35.49,37,C57BL/6J-Tyr<c-Brd>(12.5%);C57BL/6NTac/Den(75%);C57BL/6N(12.5%),B6JTyr;B6N
MBFD,2010003O18Rik Knockout First EPD0029_1_G04,C57BL/6J-Tyr<c-Brd>;C57BL/6NTac/Den;C57BL/6N,NTAC & CALB Mouse GP 20090701,Mouse GP,Gatc,MBFD65.1d,MBFD65,M00301074,+/+,Male,01-Jul-09,07-Oct-09,14,,39.3,10.4,0.0502,0.5072,10.1,22.62,16.94,39.56,42.83,C57BL/6J-Tyr<c-Brd>(12.5%);C57BL/6NTac/Den(75%);C57BL/6N(12.5%),B6JTyr;B6N
MBFD,2010003O18Rik Knockout First EPD0029_1_G04,C57BL/6J-Tyr<c-Brd>;C57BL/6NTac/Den;C57BL/6N,NTAC & CALB Mouse GP 20090701,Mouse GP,Gatc,MBFD65.1e,MBFD65,M00301075,+/+,Male,01-Jul-09,07-Oct-09,14,,35.1,10.1,0.0477,0.5221,10.95,21.46,13.61,35.07,38.81,C57BL/6J-Tyr<c-Brd>(12.5%);C57BL/6NTac/Den(75%);C57BL/6N(12.5%),B6JTyr;B6N
MBEQ,Mdn1 Knockout First EPD0025_2_F01,C57BL/6J-Tyr<c-Brd>;C57BL/6NTac/Den;C57BL/6N,NTAC & CALB Mouse GP 20090701,Mouse GP,Mdn1,MBEQ31.3a,MBEQ31,M00297326,+/+,Male,01-Jul-09,07-Oct-09,14,,35.8,10.5,0.0514,0.5278,10.26,23.6,12.38,35.98,34.4,C57BL/6J-Tyr<c-Brd>(25%);C57BL/6NTac/Den(50%);C57BL/6N(25%),B6JTyr;B6N
MBEQ,Mdn1 Knockout First EPD0025_2_F01,C57BL/6J-Tyr<c-Brd>;C57BL/6NTac/Den;C57BL/6N,NTAC & CALB Mouse GP 20090701,Mouse GP,Mdn1,MBEQ31.3b,MBEQ31,M00297327,+/+,Male,01-Jul-09,07-Oct-09,14,,39,10.5,0.0521,0.5524,10.6,24.41,14.09,38.5,36.59,C57BL/6J-Tyr<c-Brd>(25%);C57BL/6NTac/Den(50%);C57BL/6N(25%),B6JTyr;B6N
MBEQ,Mdn1 Knockout First EPD0025_2_F01,C57BL/6J-Tyr<c-Brd>;C57BL/6NTac/Den;C57BL/6N,NTAC & CALB Mouse GP 20090701,Mouse GP,Mdn1,MBEQ35.3a,MBEQ35,M00297317,+/+,Male,03-Jul-09,07-Oct-09,13.7,,32.9,10.3,0.0492,0.4582,9.31,20.59,11.98,32.57,36.78,C57BL/6J-Tyr<c-Brd>(25%);C57BL/6NTac/Den(50%);C57BL/6N(25%),B6JTyr;B6N
MBEQ,Mdn1 Knockout First EPD0025_2_F01,C57BL/6J-Tyr<c-Brd>;C57BL/6NTac/Den;C57BL/6N,NTAC & CALB Mouse GP 20090701,Mouse GP,Mdn1,MBEQ35.3b,MBEQ35,M00297318,+/+,Male,03-Jul-09,07-Oct-09,13.7,,40.7,10.3,0.0507,0.4991,9.85,25.64,14.95,40.59,36.83,C57BL/6J-Tyr<c-Brd>(25%);C57BL/6NTac/Den(50%);C57BL/6N(25%),B6JTyr;B6N
MBLT,Abcd1 Knockout First EPD0103_2_C01,C57BL/6J-Tyr<c-Brd>;C57BL/6NTac/Den;C57BL/6N,NTAC & CALB Mouse GP 20090708,Mouse GP,Abcd1,MBLT21.1a,MBLT21,M00302751,+/+,Male,08-Jul-09,15-Oct-09,14.1,,36.1,10,0.0538,0.5558,10.34,20.55,15.87,36.42,43.57,C57BL/6J-Tyr<c-Brd>(25%);C57BL/6NTac/Den(50%);C57BL/6N(25%),B6JTyr;B6N
MBLT,Abcd1 Knockout First EPD0103_2_C01,C57BL/6J-Tyr<c-Brd>;C57BL/6NTac/Den;C57BL/6N,NTAC & CALB Mouse GP 20090708,Mouse GP,Abcd1,MBLT21.1b,MBLT21,M00302752,+/+,Male,08-Jul-09,15-Oct-09,14.1,,35.8,10.1,0.0496,0.4871,9.83,20.71,15.63,36.34,43,C57BL/6J-Tyr<c-Brd>(25%);C57BL/6NTac/Den(50%);C57BL/6N(25%),B6JTyr;B6N
MBLT,Abcd1 Knockout First EPD0103_2_C01,C57BL/6J-Tyr<c-Brd>;C57BL/6NTac/Den;C57BL/6N,NTAC & CALB Mouse GP 20090708,Mouse GP,Abcd1,MBLT23.1a,MBLT23,M00302757,+/+,Male,09-Jul-09,15-Oct-09,14,,40.6,10.4,0.0524,0.5833,11.12,21.49,19.57,41.06,47.67,C57BL/6J-Tyr<c-Brd>(25%);C57BL/6NTac/Den(50%);C57BL/6N(25%),B6JTyr;B6N
MBLT,Abcd1 Knockout First EPD0103_2_C01,C57BL/6J-Tyr<c-Brd>;C57BL/6NTac/Den;C57BL/6N,NTAC & CALB Mouse GP 20090708,Mouse GP,Abcd1,MBLT23.1b,MBLT23,M00302758,+/+,Male,09-Jul-09,15-Oct-09,14,,40.6,10.5,0.0526,0.5397,10.27,23.04,17.62,40.66,43.33,C57BL/6J-Tyr<c-Brd>(25%);C57BL/6NTac/Den(50%);C57BL/6N(25%),B6JTyr;B6N
MBLT,Abcd1 Knockout First EPD0103_2_C01,C57BL/6J-Tyr<c-Brd>;C57BL/6NTac/Den;C57BL/6N,NTAC & CALB Mouse GP 20090708,Mouse GP,Abcd1,MBLT24.1a,MBLT24,M00302765,+/+,Male,06-Jul-09,15-Oct-09,14.4,,38,10,0.0486,0.5098,10.49,18.83,20.05,38.88,51.57,C57BL/6J-Tyr<c-Brd>(25%);C57BL/6NTac/Den(50%);C57BL/6N(25%),B6JTyr;B6N
MBLT,Abcd1 Knockout First EPD0103_2_C01,C57BL/6J-Tyr<c-Brd>;C57BL/6NTac/Den;C57BL/6N,NTAC & CALB Mouse GP 20090708,Mouse GP,Abcd1,MBLT24.1b,MBLT24,M00302766,+/+,Male,06-Jul-09,15-Oct-09,14.4,,30.4,9.6,0.0455,0.4332,9.51,16.68,13.99,30.67,45.61,C57BL/6J-Tyr<c-Brd>(25%);C57BL/6NTac/Den(50%);C57BL/6N(25%),B6JTyr;B6N
MBLT,Abcd1 Knockout First EPD0103_2_C01,C57BL/6J-Tyr<c-Brd>;C57BL/6NTac/Den;C57BL/6N,NTAC & CALB Mouse GP 20090708,Mouse GP,Abcd1,MBLT24.1d,MBLT24,M00302768,+/+,Male,06-Jul-09,15-Oct-09,14.4,,40.1,10.3,0.0525,0.5589,10.65,21.43,18.93,40.36,46.91,C57BL/6J-Tyr<c-Brd>(25%);C57BL/6NTac/Den(50%);C57BL/6N(25%),B6JTyr;B6N
MBLT,Abcd1 Knockout First EPD0103_2_C01,C57BL/6J-Tyr<c-Brd>;C57BL/6NTac/Den;C57BL/6N,NTAC & CALB Mouse GP 20090708,Mouse GP,Abcd1,MBLT27.1a,MBLT27,M00302779,+/+,Male,08-Jul-09,15-Oct-09,14.1,,40.5,10.3,0.0524,0.5153,9.83,21.89,18.46,40.35,45.74,C57BL/6J-Tyr<c-Brd>(25%);C57BL/6NTac/Den(50%);C57BL/6N(25%),B6JTyr;B6N
MAKR,2900042B11Rik Knockout First EPD0039_5_B05,C57BL/6J-Tyr<c-Brd>;C57BL/6NTac/Den;C57BL/6N,NTAC & CALB Mouse GP 20090713,Mouse GP,Hspb11,MAKR62.2c,MAKR62,M00305092,+/+,Male,12-Jul-09,19-Oct-09,14.1,,42.6,10.3,0.0493,0.5154,10.46,22.24,21.45,43.69,49.09,C57BL/6J-Tyr<c-Brd>(9.375%);C57BL/6NTac/Den(81.25%);C57BL/6N(9.375%),B6JTyr;B6N
MAKR,2900042B11Rik Knockout First EPD0039_5_B05,C57BL/6J-Tyr<c-Brd>;C57BL/6NTac/Den;C57BL/6N,NTAC & CALB Mouse GP 20090713,Mouse GP,Hspb11,MAKR63.2a,MAKR63,M00309514,+/+,Male,13-Jul-09,19-Oct-09,14,,38.9,10.4,0.0476,0.466,9.79,21.73,17.98,39.71,45.28,C57BL/6J-Tyr<c-Brd>(9.375%);C57BL/6NTac/Den(81.25%);C57BL/6N(9.375%),B6JTyr;B6N
MAKR,2900042B11Rik Knockout First EPD0039_5_B05,C57BL/6J-Tyr<c-Brd>;C57BL/6NTac/Den;C57BL/6N,NTAC & CALB Mouse GP 20090713,Mouse GP,Hspb11,MAKR63.2b,MAKR63,M00309515,+/+,Male,13-Jul-09,19-Oct-09,14,,36.7,10,0.0474,0.4884,10.29,19.97,17.23,37.2,46.33,C57BL/6J-Tyr<c-Brd>(9.375%);C57BL/6NTac/Den(81.25%);C57BL/6N(9.375%),B6JTyr;B6N
MAKR,2900042B11Rik Knockout First EPD0039_5_B05,C57BL/6J-Tyr<c-Brd>;C57BL/6NTac/Den;C57BL/6N,NTAC & CALB Mouse GP 20090713,Mouse GP,Hspb11,MAKR63.2c,MAKR63,M00309516,+/+,Male,13-Jul-09,19-Oct-09,14,,40.8,10.4,0.0504,0.5134,10.19,22.55,19.93,42.48,46.92,C57BL/6J-Tyr<c-Brd>(9.375%);C57BL/6NTac/Den(81.25%);C57BL/6N(9.375%),B6JTyr;B6N
MAMK,Lmnb2 Knockout EPD0167_3_F08,C57BL/6J-Tyr<c-Brd>;C57BL/6N,NTAC & CALB Mouse GP 20090713,Mouse GP,Lmnb2,MAMK16.1a,MAMK16,M00308757,+/+,Male,13-Jul-09,19-Oct-09,14,,38.2,10.2,0.0504,0.5237,10.38,21.07,18.27,39.34,46.45,C57BL/6J-Tyr<c-Brd>(50%);C57BL/6N(50%),B6JTyr;B6N
MAMK,Lmnb2 Knockout EPD0167_3_F08,C57BL/6J-Tyr<c-Brd>;C57BL/6N,NTAC & CALB Mouse GP 20090713,Mouse GP,Lmnb2,MAMK16.1b,MAMK16,M00308758,+/+,Male,13-Jul-09,19-Oct-09,14,,34.9,10.1,0.0509,0.4395,8.63,21.05,14.29,35.34,40.43,C57BL/6J-Tyr<c-Brd>(50%);C57BL/6N(50%),B6JTyr;B6N
MAMK,Lmnb2 Knockout EPD0167_3_F08,C57BL/6J-Tyr<c-Brd>;C57BL/6N,NTAC & CALB Mouse GP 20090713,Mouse GP,Lmnb2,MAMK16.1c,MAMK16,M00308759,+/+,Male,13-Jul-09,19-Oct-09,14,,35.5,10.1,0.047,0.4445,9.45,19.95,16.09,36.04,44.64,C57BL/6J-Tyr<c-Brd>(50%);C57BL/6N(50%),B6JTyr;B6N
MAMK,Lmnb2 Knockout EPD0167_3_F08,C57BL/6J-Tyr<c-Brd>;C57BL/6N,NTAC & CALB Mouse GP 20090713,Mouse GP,Lmnb2,MAMK16.1d,MAMK16,M00308760,+/+,Male,13-Jul-09,19-Oct-09,14,,36.1,10,0.0494,0.5515,11.16,18.13,18.75,36.88,50.83,C57BL/6J-Tyr<c-Brd>(50%);C57BL/6N(50%),B6JTyr;B6N
MAOH,Pfn1 Knockout First C10 - EPD0046_1,C57BL/6J-Tyr<c-Brd>;C57BL/6NTac/Den;C57BL/6N,NTAC & CALB Mouse GP 20090721,Mouse GP,Pfn1,MAOH27.1a,MAOH27,M00307582,+/+,Male,21-Jul-09,26-Oct-09,13.9,,38.4,10.3,0.0512,0.5251,10.26,22.75,15.54,38.29,40.58,C57BL/6J-Tyr<c-Brd>(37.5%);C57BL/6NTac/Den(25%);C57BL/6N(37.5%),B6JTyr;B6N
MAOH,Pfn1 Knockout First C10 - EPD0046_1,C57BL/6J-Tyr<c-Brd>;C57BL/6NTac/Den;C57BL/6N,NTAC & CALB Mouse GP 20090721,Mouse GP,Pfn1,MAOH27.1b,MAOH27,M00307583,+/+,Male,21-Jul-09,26-Oct-09,13.9,,45.9,10.6,0.0515,0.5405,10.49,27.15,19.02,46.17,41.2,C57BL/6J-Tyr<c-Brd>(37.5%);C57BL/6NTac/Den(25%);C57BL/6N(37.5%),B6JTyr;B6N
MAOH,Pfn1 Knockout First C10 - EPD0046_1,C57BL/6J-Tyr<c-Brd>;C57BL/6NTac/Den;C57BL/6N,NTAC & CALB Mouse GP 20090721,Mouse GP,Pfn1,MAOH27.1c,MAOH27,M00307584,+/+,Male,21-Jul-09,26-Oct-09,13.9,,41.8,10.4,0.0496,0.5336,10.77,23.03,18.51,41.54,44.55,C57BL/6J-Tyr<c-Brd>(37.5%);C57BL/6NTac/Den(25%);C57BL/6N(37.5%),B6JTyr;B6N
MAOH,Pfn1 Knockout First C10 - EPD0046_1,C57BL/6J-Tyr<c-Brd>;C57BL/6NTac/Den;C57BL/6N,NTAC & CALB Mouse GP 20090721,Mouse GP,Pfn1,MAOH27.1d,MAOH27,M00307585,+/+,Male,21-Jul-09,26-Oct-09,13.9,,44.1,10.5,0.0513,0.5582,10.87,24.13,20,44.13,45.33,C57BL/6J-Tyr<c-Brd>(37.5%);C57BL/6NTac/Den(25%);C57BL/6N(37.5%),B6JTyr;B6N
MBLT,Abcd1 Knockout First EPD0103_2_C01,C57BL/6J-Tyr<c-Brd>;C57BL/6NTac/Den;C57BL/6N,NTAC & CALB Mouse GP 20090729,Mouse GP,Abcd1,MBLT20.1a,MBLT20,M00311415,+/+,Male,26-Jul-09,04-Nov-09,14.4,,44.4,10.5,0.0497,0.5416,10.9,24.03,22.13,46.16,47.95,C57BL/6J-Tyr<c-Brd>(25%);C57BL/6NTac/Den(50%);C57BL/6N(25%),B6JTyr;B6N
MBLT,Abcd1 Knockout First EPD0103_2_C01,C57BL/6J-Tyr<c-Brd>;C57BL/6NTac/Den;C57BL/6N,NTAC & CALB Mouse GP 20090729,Mouse GP,Abcd1,MBLT20.1b,MBLT20,M00311416,+/+,Male,26-Jul-09,04-Nov-09,14.4,,38.6,10.3,0.0505,0.5118,10.14,19.96,19.82,39.78,49.83,C57BL/6J-Tyr<c-Brd>(25%);C57BL/6NTac/Den(50%);C57BL/6N(25%),B6JTyr;B6N
MBLT,Abcd1 Knockout First EPD0103_2_C01,C57BL/6J-Tyr<c-Brd>;C57BL/6NTac/Den;C57BL/6N,NTAC & CALB Mouse GP 20090729,Mouse GP,Abcd1,MBLT21.2b,MBLT21,M00319466,+/+,Male,30-Jul-09,04-Nov-09,13.9,,32.9,10,0.0477,0.4393,9.22,20.24,13.13,33.37,39.34,C57BL/6J-Tyr<c-Brd>(25%);C57BL/6NTac/Den(50%);C57BL/6N(25%),B6JTyr;B6N
MBLT,Abcd1 Knockout First EPD0103_2_C01,C57BL/6J-Tyr<c-Brd>;C57BL/6NTac/Den;C57BL/6N,NTAC & CALB Mouse GP 20090729,Mouse GP,Abcd1,MBLT21.2d,MBLT21,M00319468,+/+,Male,30-Jul-09,04-Nov-09,13.9,,39.4,10.2,0.0486,0.5091,10.47,21.18,19.25,40.43,47.61,C57BL/6J-Tyr<c-Brd>(25%);C57BL/6NTac/Den(50%);C57BL/6N(25%),B6JTyr;B6N
MBMM,Acpl2 Knockout First EPD0096_1_A05,C57BL/6J-Tyr<c-Brd>;C57BL/6NTac/Den;C57BL/6N,NTAC & CALB Mouse GP 20090729,Mouse GP,Acpl2,MBMM24.2d,MBMM24,M00319033,+/+,Male,27-Jul-09,04-Nov-09,14.3,,36.2,10,0.0478,0.4417,9.25,19.59,18.18,37.77,48.14,C57BL/6J-Tyr<c-Brd>(12.5%);C57BL/6NTac/Den(75%);C57BL/6N(12.5%),B6JTyr;B6N
MBMM,Acpl2 Knockout First EPD0096_1_A05,C57BL/6J-Tyr<c-Brd>;C57BL/6NTac/Den;C57BL/6N,NTAC & CALB Mouse GP 20090729,Mouse GP,Acpl2,MBMM26.2a,MBMM26,M00319425,+/+,Male,30-Jul-09,04-Nov-09,13.9,,38.8,10.2,0.0488,0.4998,10.25,20.03,20.49,40.52,50.56,C57BL/6J-Tyr<c-Brd>(12.5%);C57BL/6NTac/Den(75%);C57BL/6N(12.5%),B6JTyr;B6N
MBMM,Acpl2 Knockout First EPD0096_1_A05,C57BL/6J-Tyr<c-Brd>;C57BL/6NTac/Den;C57BL/6N,NTAC & CALB Mouse GP 20090729,Mouse GP,Acpl2,MBMM26.2b,MBMM26,M00319426,+/+,Male,30-Jul-09,04-Nov-09,13.9,,38.2,10.3,0.0522,0.5214,10,21.29,17.41,38.7,44.98,C57BL/6J-Tyr<c-Brd>(12.5%);C57BL/6NTac/Den(75%);C57BL/6N(12.5%),B6JTyr;B6N
MBMM,Acpl2 Knockout First EPD0096_1_A05,C57BL/6J-Tyr<c-Brd>;C57BL/6NTac/Den;C57BL/6N,NTAC & CALB Mouse GP 20090729,Mouse GP,Acpl2,MBMM26.2d,MBMM26,M00319428,+/+,Male,30-Jul-09,04-Nov-09,13.9,,40.4,10.3,0.0515,0.5339,10.36,22.39,18.23,40.62,44.89,C57BL/6J-Tyr<c-Brd>(12.5%);C57BL/6NTac/Den(75%);C57BL/6N(12.5%),B6JTyr;B6N
MAHU,Osbpl9 Knockout First D06 - EPD0033_1,C57BL/6J-Tyr<c-Brd>;C57BL/6NTac/Den;C57BL/6N,NTAC & CALB Mouse GP 20090803,Mouse GP,Osbpl9,MAHU28.2a,MAHU28,M00316942,+/+,Male,02-Aug-09,10-Nov-09,14.3,,47.2,10.7,0.0533,0.6013,11.28,26.73,21.15,47.88,44.18,C57BL/6J-Tyr<c-Brd>(25%);C57BL/6NTac/Den(50%);C57BL/6N(25%),B6JTyr;B6N
MAHU,Osbpl9 Knockout First D06 - EPD0033_1,C57BL/6J-Tyr<c-Brd>;C57BL/6NTac/Den;C57BL/6N,NTAC & CALB Mouse GP 20090803,Mouse GP,Osbpl9,MAHU49.2a,MAHU49,M00323702,+/+,Male,02-Aug-09,10-Nov-09,14.3,,35.5,9.9,0.0477,0.4614,9.68,20.13,14.93,35.06,42.59,C57BL/6J-Tyr<c-Brd>(25%);C57BL/6NTac/Den(50%);C57BL/6N(25%),B6JTyr;B6N
MAHU,Osbpl9 Knockout First D06 - EPD0033_1,C57BL/6J-Tyr<c-Brd>;C57BL/6NTac/Den;C57BL/6N,NTAC & CALB Mouse GP 20090803,Mouse GP,Osbpl9,MAHU49.2b,MAHU49,M00323703,+/+,Male,02-Aug-09,10-Nov-09,14.3,,30.4,9.6,0.0493,0.4334,8.8,19.09,11.27,30.36,37.13,C57BL/6J-Tyr<c-Brd>(25%);C57BL/6NTac/Den(50%);C57BL/6N(25%),B6JTyr;B6N
MAHR,Nf1 Knockout First F12 - EPD0033_1,C57BL/6J-Tyr<c-Brd>;C57BL/6NTac/Den;C57BL/6N,NTAC & CALB Mouse GP 20090803,Mouse GP,Nf1,MAHR19.3b,MAHR19,M00319058,+/+,Male,03-Aug-09,10-Nov-09,14.1,,37.2,10.2,0.0489,0.5436,11.12,20.39,17.14,37.53,45.66,C57BL/6J-Tyr<c-Brd>(12.5%);C57BL/6NTac/Den(75%);C57BL/6N(12.5%),B6JTyr;B6N
MAHR,Nf1 Knockout First F12 - EPD0033_1,C57BL/6J-Tyr<c-Brd>;C57BL/6NTac/Den;C57BL/6N,NTAC & CALB Mouse GP 20090803,Mouse GP,Nf1,MAHR19.3d,MAHR19,M00319060,+/+,Male,03-Aug-09,10-Nov-09,14.1,,35.7,10,0.0505,0.5077,10.05,20.6,15.84,36.44,43.48,C57BL/6J-Tyr<c-Brd>(12.5%);C57BL/6NTac/Den(75%);C57BL/6N(12.5%),B6JTyr;B6N
MAHR,Nf1 Knockout First F12 - EPD0033_1,C57BL/6J-Tyr<c-Brd>;C57BL/6NTac/Den;C57BL/6N,NTAC & CALB Mouse GP 20090803,Mouse GP,Nf1,MAHR19.3e,MAHR19,M00319061,+/+,Male,03-Aug-09,10-Nov-09,14.1,,37.5,10.3,0.0481,0.4778,9.94,21.1,16.09,37.19,43.26,C57BL/6J-Tyr<c-Brd>(12.5%);C57BL/6NTac/Den(75%);C57BL/6N(12.5%),B6JTyr;B6N
MAHR,Nf1 Knockout First F12 - EPD0033_1,C57BL/6J-Tyr<c-Brd>;C57BL/6NTac/Den;C57BL/6N,NTAC & CALB Mouse GP 20090803,Mouse GP,Nf1,MAHR19.3g,MAHR19,M00319063,+/+,Male,03-Aug-09,10-Nov-09,14.1,,38.2,10.1,0.0486,0.5199,10.7,20.49,18.27,38.76,47.14,C57BL/6J-Tyr<c-Brd>(12.5%);C57BL/6NTac/Den(75%);C57BL/6N(12.5%),B6JTyr;B6N
MBDN,Rpap2 Knockout First EPD0064_1_G02,C57BL/6J-Tyr<c-Brd>;C57BL/6NTac/Den;C57BL/6N,NTAC & CALB Mouse GP 20090810,Mouse GP,Rpap2,MBDN34.2a,MBDN34,M00324870,+/+,Male,09-Aug-09,17-Nov-09,14.3,,31.4,10.1,0.0529,0.4805,9.08,21.85,9.44,31.29,30.16,C57BL/6J-Tyr<c-Brd>(37.5%);C57BL/6NTac/Den(25%);C57BL/6N(37.5%),B6JTyr;B6N
MBDN,Rpap2 Knockout First EPD0064_1_G02,C57BL/6J-Tyr<c-Brd>;C57BL/6NTac/Den;C57BL/6N,NTAC & CALB Mouse GP 20090810,Mouse GP,Rpap2,MBDN34.2b,MBDN34,M00324871,+/+,Male,09-Aug-09,17-Nov-09,14.3,,32.8,10,0.0495,0.4695,9.49,18.87,14.17,33.04,42.9,C57BL/6J-Tyr<c-Brd>(37.5%);C57BL/6NTac/Den(25%);C57BL/6N(37.5%),B6JTyr;B6N
MBDN,Rpap2 Knockout First EPD0064_1_G02,C57BL/6J-Tyr<c-Brd>;C57BL/6NTac/Den;C57BL/6N,NTAC & CALB Mouse GP 20090810,Mouse GP,Rpap2,MBDN34.2d,MBDN34,M00324873,+/+,Male,09-Aug-09,17-Nov-09,14.3,,36.9,10.3,0.0535,0.5089,9.51,25.96,11,36.96,29.75,C57BL/6J-Tyr<c-Brd>(37.5%);C57BL/6NTac/Den(25%);C57BL/6N(37.5%),B6JTyr;B6N
MBDN,Rpap2 Knockout First EPD0064_1_G02,C57BL/6J-Tyr<c-Brd>;C57BL/6NTac/Den;C57BL/6N,NTAC & CALB Mouse GP 20090810,Mouse GP,Rpap2,MBDN34.2e,MBDN34,M00324874,+/+,Male,09-Aug-09,17-Nov-09,14.3,,29.6,10,0.0522,0.4697,9.01,20.53,9.19,29.72,30.93,C57BL/6J-Tyr<c-Brd>(37.5%);C57BL/6NTac/Den(25%);C57BL/6N(37.5%),B6JTyr;B6N
MAGF,Hdac3 Knockout First D01 - EPD00028_3,C57BL/6J-Tyr<c-Brd>;C57BL/6NTac/Den;C57BL/6N,NTAC & CALB Mouse GP 20090810,Mouse GP,Hdac3,MAGF24.2a,MAGF24,M00322251,+/+,Male,12-Aug-09,17-Nov-09,13.9,,36.3,10.2,0.0531,0.5121,9.65,22.44,14.04,36.48,38.49,C57BL/6J-Tyr<c-Brd>(12.5%);C57BL/6NTac/Den(75%);C57BL/6N(12.5%),B6JTyr;B6N
MAGF,Hdac3 Knockout First D01 - EPD00028_3,C57BL/6J-Tyr<c-Brd>;C57BL/6NTac/Den;C57BL/6N,NTAC & CALB Mouse GP 20090810,Mouse GP,Hdac3,MAGF24.2b,MAGF24,M00322252,+/+,Male,12-Aug-09,17-Nov-09,13.9,,33.7,10,0.0465,0.4041,8.69,20.21,13.9,34.11,40.74,C57BL/6J-Tyr<c-Brd>(12.5%);C57BL/6NTac/Den(75%);C57BL/6N(12.5%),B6JTyr;B6N
MAGF,Hdac3 Knockout First D01 - EPD00028_3,C57BL/6J-Tyr<c-Brd>;C57BL/6NTac/Den;C57BL/6N,NTAC & CALB Mouse GP 20090810,Mouse GP,Hdac3,MAGF29.1a,MAGF29,M00322270,+/+,Male,12-Aug-09,17-Nov-09,13.9,,43.7,10.5,0.0571,0.6414,11.24,25.54,17.61,43.15,40.82,C57BL/6J-Tyr<c-Brd>(25%);C57BL/6NTac/Den(50%);C57BL/6N(25%),B6JTyr;B6N
MAGF,Hdac3 Knockout First D01 - EPD00028_3,C57BL/6J-Tyr<c-Brd>;C57BL/6NTac/Den;C57BL/6N,NTAC & CALB Mouse GP 20090810,Mouse GP,Hdac3,MAGF29.1c,MAGF29,M00322272,+/+,Male,12-Aug-09,17-Nov-09,13.9,,43.9,10.5,0.0551,0.5808,10.54,25.67,17.78,43.45,40.91,C57BL/6J-Tyr<c-Brd>(25%);C57BL/6NTac/Den(50%);C57BL/6N(25%),B6JTyr;B6N
